<?xml version="1.0" encoding="ISO-8859-1"?>
<metadata>
	<idinfo>
		<citation>
			<citeinfo>
				<origin>Space, Culture and Urban Policy Project</origin>
				<pubdate>19 September 2003</pubdate>
				<title>SF Bay Area Census 2000 Tracts</title>
				<geoform Sync="TRUE">vector digital data</geoform>
				<onlink>\\prisrv\pri files\PROJECTS\NSF Modules\to export 9_19_03\GIS Boundary Files\sfbay_tract_2000.shp</onlink>
				<lworkcit>
					<citeinfo>
						<origin>Richard LeGates, JD and MCP, and Ayse Pamuk, PhD</origin>
						<pubdate>2003</pubdate>
						<title>Space, Culture and Urban Policy: Integrating GIS into Social Science Research Methods Courses</title>
						<othercit>Funding for this work was provided by the National Science Foundation's Course, Curriculum, and Laboratory Improvement Program under grant DUE-0228878.</othercit>
					</citeinfo>
				</lworkcit>
				<ftname Sync="TRUE">sf_bay_area_tract_2000X</ftname></citeinfo>
		</citation>
		<descript>
			<abstract>Census 2000 TIGER/Line datafile of census tracts within the San Francisco Bay Area PLUS appended SF3 2000 variables.</abstract>
			<purpose>GIS feature file for use in a social science research methods course exercise</purpose>
			<supplinf>Created for Space Culture and Urban Policy: Integrating GIS into Social Science Research Methods courses, San Francisco State University</supplinf>
			<langdata>English</langdata></descript>
		<timeperd>
			<timeinfo>
				<sngdate>
					<caldate>2000</caldate>
				</sngdate>
			</timeinfo>
			<current>publication date</current>
		</timeperd>
		<status>
			<progress>In work</progress>
			<update>As needed</update>
		</status>
		<spdom>
			<bounding>
				<westbc Sync="TRUE">-123.533670</westbc>
				<eastbc Sync="TRUE">-121.208178</eastbc>
				<northbc Sync="TRUE">38.864243</northbc>
				<southbc Sync="TRUE">36.894156</southbc>
			</bounding>
			<lboundng><leftbc Sync="TRUE">-123.533670</leftbc><rightbc Sync="TRUE">-121.208178</rightbc><bottombc Sync="TRUE">36.894156</bottombc><topbc Sync="TRUE">38.864243</topbc></lboundng></spdom>
		<keywords>
			<theme>
				<themekt>none</themekt>
				<themekey>census tracts</themekey>
				<themekey>TIGER</themekey>
			</theme>
			<place>
				<placekey>San Francisco Bay Area</placekey>
				<placekey>Alameda County, CA</placekey>
				<placekey>Contra Costa County, CA</placekey>
				<placekey>Marin County, CA</placekey>
				<placekey>Napa County, CA</placekey>
				<placekey>San Francisco County, CA</placekey>
				<placekey>San Mateo County, CA</placekey>
				<placekey>Santa Clara County, CA</placekey>
				<placekey>Solano County, CA</placekey>
				<placekey>Sonoma County, CA</placekey>
			</place>
			<temporal>
				<tempkey>2000</tempkey>
			</temporal>
		</keywords>
		<accconst>None</accconst>
		<useconst>None</useconst>
		<ptcontac>
			<cntinfo>
				<cntorgp>
					<cntorg>Space, Culture and Urban Policy Project</cntorg>
				</cntorgp>
				<cntaddr>
					<addrtype>mailing address</addrtype>
					<address>Prof. Ayse Pamuk</address>
					<address>College of Behavioral and Social Sciences</address>
					<address>San Francisco State University</address>
					<address>1600 Holloway Avenue</address>
					<city>San Francisco</city>
					<state>CA</state>
					<postal>94132</postal>
					<country>USA</country>
				</cntaddr>
				<cntaddr>
					<addrtype>mailing address</addrtype>
					<address>Prof. Richard LeGates</address>
					<address>College of Behavioral and Social Sciences</address>
					<address>San Francisco State University</address>
					<address>1600 Holloway Avenue</address>
					<city>San Francisco</city>
					<state>CA</state>
					<postal>94132</postal>
					<country>USA</country>
				</cntaddr>
				<cntvoice>Pamuk: (415) 338-7045</cntvoice>
				<cntvoice>LeGates: (415) 338-2875</cntvoice>
				<cntemail>Pamuk: pamuk@sfsu.edu</cntemail>
				<cntemail>LeGates: dlegates@sfsu.edu</cntemail>
			</cntinfo>
		</ptcontac>
		<native Sync="TRUE">Microsoft Windows 2000 Version 5.0 (Build 2195) Service Pack 4; ESRI ArcCatalog 8.3.0.800</native>
		<natvform Sync="TRUE">Shapefile</natvform><datacred>SF3 2000 data appended</datacred><crossref><citeinfo><title>SF Bay Area 2000 Census Tracts</title></citeinfo></crossref></idinfo>
	<dataqual>
		<lineage>
			<srcinfo>
				<srccite>
					<citeinfo>
						<origin>ESRI ArcData Online</origin>
						<pubdate>2000</pubdate>
						<title>Census 2000 TIGER/Line Data</title>
						<onlink>http://arcdata.esri.com</onlink>
						<lworkcit>
							<citeinfo>
								<origin>US Census Bureau</origin>
								<pubdate>2000</pubdate>
								<title>Census 2000 TIGER/Line Data</title>
								<onlink>http://www.census.gov</onlink>
							</citeinfo>
						</lworkcit>
					</citeinfo>
				</srccite>
				<typesrc>online</typesrc>
			</srcinfo>
			<procstep>
				<procdesc>Census 2000 TIGER/Line census tract datafiles downloaded by country by state from ESRI ArcData Online &lt;http://arcdata.esri.com&gt;.</procdesc>
				<procdate>Unknown</procdate>
			</procstep>
			<procstep>
				<procdesc>County census tract shapefiles merged and exported as single MSA tract-level shapefile.</procdesc>
				<procdate>Unknown</procdate>
			</procstep>
			<procstep>
				<procdesc>Created a shoreline. Erased shoreline, using TIGER water file as overlay, selecting only major shorelines (no interior hydrology).</procdesc>
				<procdate>20 September 2003</procdate>
				<proccont>
					<cntinfo>
						<cntperp>
							<cntper>Monique Nakagawa</cntper>
							<cntorg>Public Research Institute, SFSU</cntorg>
						</cntperp>
						<cntpos>Research Associate/GIS Analyst</cntpos>
						<cntvoice>(415) 338-2932</cntvoice>
						<cntemail>mayanak@sfsu.edu</cntemail>
					</cntinfo>
				</proccont>
			</procstep>
			<procstep>
				<procdesc>Dataset copied.</procdesc>
				<srcused>E:\NSF Modules\Databases\Census\msa shapefiles\sf_bay_area_tract_2000</srcused>
			</procstep>
			<procstep><procdesc Sync="TRUE">Metadata imported.</procdesc><srcused Sync="TRUE">C:\WINNT\Profiles\lisel\LOCALS~1\Temp\xml18A.tmp</srcused><date Sync="TRUE">20030925</date><time Sync="TRUE">15284500</time></procstep><procstep><procdesc Sync="TRUE">Dataset copied.</procdesc><srcused Sync="TRUE">E:\GIS\PROJECTS\NSF_GIS\LeGates\TGAR\Part_1\Exercise_2\Bay_Area\Bay_Area_tracts_2000</srcused><date Sync="TRUE">20060325</date><time Sync="TRUE">19480900</time></procstep></lineage>
	</dataqual>
	<spdoinfo>
		<direct Sync="TRUE">Vector</direct>
		<ptvctinf>
			<sdtsterm Name="sf_bay_area_tract_2000X">
				<sdtstype Sync="TRUE">G-polygon</sdtstype>
				<ptvctcnt Sync="TRUE">1405</ptvctcnt>
			</sdtsterm>
			<esriterm Name="sf_bay_area_tract_2000X"><efeatyp Sync="TRUE">Simple</efeatyp><efeageom Sync="TRUE">Polygon</efeageom><esritopo Sync="TRUE">FALSE</esritopo><efeacnt Sync="TRUE">1405</efeacnt><spindex Sync="TRUE">TRUE</spindex><linrefer Sync="TRUE">FALSE</linrefer></esriterm></ptvctinf>
	</spdoinfo>
	<spref>
		<horizsys>
			<geograph>
				<latres Sync="TRUE">0.000000</latres>
				<longres Sync="TRUE">0.000000</longres>
				<geogunit Sync="TRUE">Decimal degrees</geogunit>
			</geograph>
			<geodetic>
				<horizdn Sync="TRUE">North American Datum of 1927</horizdn>
				<ellips Sync="TRUE">Clarke 1866</ellips>
				<semiaxis Sync="TRUE">6378206.400000</semiaxis>
				<denflat Sync="TRUE">294.978698</denflat>
			</geodetic>
			<cordsysn><geogcsn Sync="TRUE">GCS_Assumed_Geographic_1</geogcsn></cordsysn></horizsys>
	</spref>
	<eainfo>
		<detailed Name="sf_bay_area_tract_2000X">
			<enttyp>
				<enttypl>SF Bay Area Census 2000 Tracts</enttypl>
				<enttypt Sync="TRUE">Feature Class</enttypt><enttypc Sync="TRUE">1405</enttypc><enttypd>SF 2000 Census Tracts + SF3 data</enttypd><enttypds>US Census</enttypds></enttyp>
			<attr>
				<attrlabl Sync="TRUE">FID</attrlabl>
				<attrdef Sync="TRUE">Internal feature number.</attrdef>
				<attrdefs Sync="TRUE">ESRI</attrdefs>
				<attrdomv>
					<udom Sync="TRUE">Sequential unique whole numbers that are automatically generated.</udom>
				</attrdomv>
				<attalias Sync="TRUE">FID</attalias><attrtype Sync="TRUE">OID</attrtype><attwidth Sync="TRUE">4</attwidth><atprecis Sync="TRUE">0</atprecis><attscale Sync="TRUE">0</attscale></attr>
			<attr>
				<attrlabl Sync="TRUE">Shape</attrlabl>
				<attrdef Sync="TRUE">Feature geometry.</attrdef>
				<attrdefs Sync="TRUE">ESRI</attrdefs>
				<attrdomv>
					<udom Sync="TRUE">Coordinates defining the features.</udom>
				</attrdomv>
				<attalias Sync="TRUE">Shape</attalias><attrtype Sync="TRUE">Geometry</attrtype><attwidth Sync="TRUE">0</attwidth><atprecis Sync="TRUE">0</atprecis><attscale Sync="TRUE">0</attscale></attr>
			<attr>
				<attrlabl Sync="TRUE">FIRST_FIRS</attrlabl>
				<attrdef>ID number city/county/tract concatenated</attrdef>
				<attrdomv>
					<udom>Sequential unique whole numbers that are automatically generated.</udom>
				</attrdomv>
				<attalias Sync="TRUE">FIRST_FIRS</attalias><attrtype Sync="TRUE">String</attrtype><attwidth Sync="TRUE">15</attwidth><attrdefs>US Census geographic identifiers</attrdefs></attr>
			<attr>
				<attrlabl Sync="TRUE">ARC_ID2</attrlabl>
				<attrdef>FIPS code, state and county</attrdef>
				<attrdefs>project</attrdefs>
				<attrdomv>
					<codesetd>
						<codesetn>Federal Information Processing Standards Codes</codesetn>
						<codesets>National Institute of Standards and Technology</codesets>
					</codesetd>
				</attrdomv>
				<attalias Sync="TRUE">ARC_ID2</attalias><attrtype Sync="TRUE">Number</attrtype><attwidth Sync="TRUE">19</attwidth><atnumdec Sync="TRUE">10</atnumdec></attr>
			<attr>
				<attrlabl Sync="TRUE">OID_</attrlabl>
				<attrdef>Census 2000 tract number</attrdef>
				<attrdefs>project</attrdefs>
				<attrdomv>
					<codesetd>
						<codesetn>Census 2000 Geographic Code</codesetn>
						<codesets>US Census Bureau</codesets>
					</codesetd>
				</attrdomv>
				<attalias Sync="TRUE">OID_</attalias><attrtype Sync="TRUE">Number</attrtype><attwidth Sync="TRUE">9</attwidth></attr>
			<attr>
				<attrlabl Sync="TRUE">GEO_ID</attrlabl>
				<attrdef>Census geographic code (state, county, census tract)</attrdef>
				<attrdefs>project</attrdefs>
				<attrdomv>
					<codesetd>
						<codesetn>Census 2000 Geographic Code</codesetn>
						<codesets>US Census Bureau</codesets>
					</codesetd>
				</attrdomv>
				<attalias Sync="TRUE">GEO_ID</attalias><attrtype Sync="TRUE">String</attrtype><attwidth Sync="TRUE">20</attwidth></attr>
			<attr>
				<attrlabl Sync="TRUE">STFID</attrlabl>
				<attrdef>Census tract identification number</attrdef>
				<attrdefs>project</attrdefs>
				<attrdomv>
					<codesetd>
						<codesetn>Census 2000 Geographic Code</codesetn>
						<codesets>US Census Bureau</codesets>
					</codesetd>
				</attrdomv>
				<attalias Sync="TRUE">STFID</attalias><attrtype Sync="TRUE">String</attrtype><attwidth Sync="TRUE">20</attwidth></attr>
			<attr><attrlabl Sync="TRUE">STFID2</attrlabl><attalias Sync="TRUE">STFID2</attalias><attrtype Sync="TRUE">Number</attrtype><attwidth Sync="TRUE">19</attwidth><attrdef>numeric version of STFID</attrdef></attr><attr><attrlabl Sync="TRUE">CTRACT</attrlabl><attalias Sync="TRUE">CTRACT</attalias><attrtype Sync="TRUE">String</attrtype><attwidth Sync="TRUE">11</attwidth><attrdef>Census Tract Number</attrdef><attrdefs>US Census</attrdefs></attr><attr><attrlabl Sync="TRUE">COUNTY</attrlabl><attalias Sync="TRUE">COUNTY</attalias><attrtype Sync="TRUE">String</attrtype><attwidth Sync="TRUE">23</attwidth><attrdef>County Name</attrdef><attrdefs>US Census</attrdefs></attr><attr><attrlabl Sync="TRUE">STATE</attrlabl><attalias Sync="TRUE">STATE</attalias><attrtype Sync="TRUE">String</attrtype><attwidth Sync="TRUE">13</attwidth><attrdef>State Abbreviation</attrdef><attrdefs>US Census</attrdefs></attr><attr><attrlabl Sync="TRUE">POP100</attrlabl><attalias Sync="TRUE">POP100</attalias><attrtype Sync="TRUE">Number</attrtype><attwidth Sync="TRUE">8</attwidth><attrdef>P003001--100% Count of Population</attrdef><attrdefs>SF3 2000</attrdefs></attr><attr><attrlabl Sync="TRUE">TOT_POP</attrlabl><attalias Sync="TRUE">TOT_POP</attalias><attrtype Sync="TRUE">Number</attrtype><attwidth Sync="TRUE">8</attwidth><attrdef>P0201001 - Total Population: Total (denominator for place of birth &amp; citizenship)</attrdef><attrdefs>SF3 2000</attrdefs></attr><attr><attrlabl Sync="TRUE">NAT_POP</attrlabl><attalias Sync="TRUE">NAT_POP</attalias><attrtype Sync="TRUE">Number</attrtype><attwidth Sync="TRUE">8</attwidth><attrdef>P021002 - Total Population: Native</attrdef><attrdefs>SF3 2000</attrdefs></attr><attr><attrlabl Sync="TRUE">FOR_POP</attrlabl><attalias Sync="TRUE">FOR_POP</attalias><attrtype Sync="TRUE">Number</attrtype><attwidth Sync="TRUE">8</attwidth><attrdef>P021013 - Total Population: Foreign Born</attrdef><attrdefs>SF3 2000</attrdefs></attr><attr><attrlabl Sync="TRUE">NAT_CIT</attrlabl><attalias Sync="TRUE">NAT_CIT</attalias><attrtype Sync="TRUE">Number</attrtype><attwidth Sync="TRUE">8</attwidth><attrdef>P021014 - Naturalized Citizen</attrdef><attrdefs>SF3 2000</attrdefs></attr><attr><attrlabl Sync="TRUE">NOT_CIT</attrlabl><attalias Sync="TRUE">NOT_CIT</attalias><attrtype Sync="TRUE">Number</attrtype><attwidth Sync="TRUE">8</attwidth><attrdef>P021015 - Not a Citizen</attrdef><attrdefs>SF3 2000</attrdefs></attr><attr><attrlabl Sync="TRUE">PCT_FBOR</attrlabl><attalias Sync="TRUE">PCT_FBOR</attalias><attrtype Sync="TRUE">Number</attrtype><attwidth Sync="TRUE">12</attwidth><atnumdec Sync="TRUE">2</atnumdec><attrdef>P021013/P021001 - Percent Foreign Born</attrdef><attrdefs>SF3 2000</attrdefs></attr><attr><attrlabl Sync="TRUE">ENTRY</attrlabl><attalias Sync="TRUE">ENTRY</attalias><attrtype Sync="TRUE">Number</attrtype><attwidth Sync="TRUE">8</attwidth><attrdef>P022001 - Foreign Born Population: Total--denominator for year of entry variables</attrdef><attrdefs>SF3 2000</attrdefs></attr><attr><attrlabl Sync="TRUE">IN90_00</attrlabl><attalias Sync="TRUE">IN90_00</attalias><attrtype Sync="TRUE">Number</attrtype><attwidth Sync="TRUE">8</attwidth><attrdef>P022002 + P022003 - Foreign-born population: 1990 to March 2000</attrdef><attrdefs>SF3 2000</attrdefs></attr><attr><attrlabl Sync="TRUE">IN65_89</attrlabl><attalias Sync="TRUE">IN65_89</attalias><attrtype Sync="TRUE">Number</attrtype><attwidth Sync="TRUE">8</attwidth><attrdef>sum of P022004:P022008 - Foreign-born population: 1965 to 1989</attrdef><attrdefs>SF3 2000</attrdefs></attr><attr><attrlabl Sync="TRUE">IN1965</attrlabl><attalias Sync="TRUE">IN1965</attalias><attrtype Sync="TRUE">Number</attrtype><attwidth Sync="TRUE">8</attwidth><attrdef>P022009 - Foreign born population: Before 1965</attrdef><attrdefs>SF3 2000</attrdefs></attr><attr><attrlabl Sync="TRUE">RACEPOP</attrlabl><attalias Sync="TRUE">RACEPOP</attalias><attrtype Sync="TRUE">Number</attrtype><attwidth Sync="TRUE">9</attwidth><attrdef>P007001 - Total population: Total--denominator for Race by Hispanic Origin variables</attrdef><attrdefs>SF3 2000</attrdefs></attr><attr><attrlabl Sync="TRUE">NOT_LAT</attrlabl><attalias Sync="TRUE">NOT_LAT</attalias><attrtype Sync="TRUE">Number</attrtype><attwidth Sync="TRUE">9</attwidth><attrdef>P007002 - Total Population: Not Hispanic or Latino</attrdef><attrdefs>SF3 2000</attrdefs></attr><attr><attrlabl Sync="TRUE">WHITE</attrlabl><attalias Sync="TRUE">WHITE</attalias><attrtype Sync="TRUE">Number</attrtype><attwidth Sync="TRUE">9</attwidth><attrdef>P007002 - Total Population: White non-Hispanic</attrdef><attrdefs>SF3 2000</attrdefs></attr><attr><attrlabl Sync="TRUE">BLACK</attrlabl><attalias Sync="TRUE">BLACK</attalias><attrtype Sync="TRUE">Number</attrtype><attwidth Sync="TRUE">9</attwidth><attrdef>P007004 - Total Population: Black non-Hispanic</attrdef><attrdefs>SF3 2000</attrdefs></attr><attr><attrlabl Sync="TRUE">AM_IND</attrlabl><attalias Sync="TRUE">AM_IND</attalias><attrtype Sync="TRUE">Number</attrtype><attwidth Sync="TRUE">9</attwidth><attrdef>P007005 - Total Population: American Indian or Alaska Native non-Hispanic</attrdef><attrdefs>SF3 2000</attrdefs></attr><attr><attrlabl Sync="TRUE">ASIAN</attrlabl><attalias Sync="TRUE">ASIAN</attalias><attrtype Sync="TRUE">Number</attrtype><attwidth Sync="TRUE">9</attwidth><attrdef>P007006 - Total Population: Asian non-Hispanic</attrdef><attrdefs>SF3 2000</attrdefs></attr><attr><attrlabl Sync="TRUE">PI</attrlabl><attalias Sync="TRUE">PI</attalias><attrtype Sync="TRUE">Number</attrtype><attwidth Sync="TRUE">9</attwidth><attrdef>P007007 - Total Population: Native Hawaiian or Other Pacific Islander</attrdef><attrdefs>SF3 2000</attrdefs></attr><attr><attrlabl Sync="TRUE">OTH_RAC</attrlabl><attalias Sync="TRUE">OTH_RAC</attalias><attrtype Sync="TRUE">Number</attrtype><attwidth Sync="TRUE">9</attwidth><attrdef>P007008 - Total Population: Some other race alone, non-Hispanic</attrdef><attrdefs>SF3 2000</attrdefs></attr><attr><attrlabl Sync="TRUE">BI_RAC</attrlabl><attalias Sync="TRUE">BI_RAC</attalias><attrtype Sync="TRUE">Number</attrtype><attwidth Sync="TRUE">9</attwidth><attrdef>P007009 - Total Population: Two or more races, non-Hispanic</attrdef><attrdefs>SF3 2000</attrdefs></attr><attr><attrlabl Sync="TRUE">LATINO</attrlabl><attalias Sync="TRUE">LATINO</attalias><attrtype Sync="TRUE">Number</attrtype><attwidth Sync="TRUE">9</attwidth><attrdef>P007010 - Total Population: Hispanic or Latino</attrdef><attrdefs>SF3 2000</attrdefs></attr><attr><attrlabl Sync="TRUE">WORKERS</attrlabl><attalias Sync="TRUE">WORKERS</attalias><attrtype Sync="TRUE">Number</attrtype><attwidth Sync="TRUE">9</attwidth><attrdef>P0030001 - Workers 16 &amp; over: Total</attrdef><attrdefs>SF3 2000</attrdefs></attr><attr><attrlabl Sync="TRUE">AUTO</attrlabl><attalias Sync="TRUE">AUTO</attalias><attrtype Sync="TRUE">Number</attrtype><attwidth Sync="TRUE">9</attwidth><attrdef>P030002 - Workers 16 &amp; over: Means of transport to work: Car; truck; or van</attrdef><attrdefs>SF3 2000</attrdefs></attr><attr><attrlabl Sync="TRUE">DRVALONE</attrlabl><attalias Sync="TRUE">DRVALONE</attalias><attrtype Sync="TRUE">Number</attrtype><attwidth Sync="TRUE">9</attwidth><attrdef>P030002 - Workers 16 &amp; over: Means of transport to work: Car; truck; van; Drove alone</attrdef><attrdefs>SF3 2000</attrdefs></attr><attr><attrlabl Sync="TRUE">CARPOOL</attrlabl><attalias Sync="TRUE">CARPOOL</attalias><attrtype Sync="TRUE">Number</attrtype><attwidth Sync="TRUE">9</attwidth><attrdef>P030004 - Workers 16 &amp; over: Means of transport to work: Car; truck; van; Carpooled</attrdef><attrdefs>SF3 2000</attrdefs></attr><attr><attrlabl Sync="TRUE">PTRANSIT</attrlabl><attalias Sync="TRUE">PTRANSIT</attalias><attrtype Sync="TRUE">Number</attrtype><attwidth Sync="TRUE">9</attwidth><attrdef>P030005 - Workers 16 &amp; over: Means of transport to work: Public Transportation</attrdef><attrdefs>SF3 2000</attrdefs></attr><attr><attrlabl Sync="TRUE">BUS</attrlabl><attalias Sync="TRUE">BUS</attalias><attrtype Sync="TRUE">Number</attrtype><attwidth Sync="TRUE">9</attwidth><attrdef>P030006 - Workers 16 &amp; over: Means of transport to work: Public transportation; Bus or trolley bus</attrdef><attrdefs>SF3 2000</attrdefs></attr><attr><attrlabl Sync="TRUE">ST_CAR</attrlabl><attalias Sync="TRUE">ST_CAR</attalias><attrtype Sync="TRUE">Number</attrtype><attwidth Sync="TRUE">9</attwidth><attrdef>P030007 - Workers 16 &amp; over: Means of transport to work: Public Transportation: Streetcar or trolley car</attrdef><attrdefs>SF3 2000</attrdefs></attr><attr><attrlabl Sync="TRUE">LT_RAIL</attrlabl><attalias Sync="TRUE">LT_RAIL</attalias><attrtype Sync="TRUE">Number</attrtype><attwidth Sync="TRUE">9</attwidth><attrdef>P030008 - Workers 16 &amp; over: Means of transport to work: Public Transportation: Subway or elevated</attrdef><attrdefs>SF3 2000</attrdefs></attr><attr><attrlabl Sync="TRUE">RAIL</attrlabl><attalias Sync="TRUE">RAIL</attalias><attrtype Sync="TRUE">Number</attrtype><attwidth Sync="TRUE">9</attwidth><attrdef>P030009 - Workers 16 &amp; over: Means of transport to work: Public Transportation; Railroald</attrdef><attrdefs>SF3 2000</attrdefs></attr><attr><attrlabl Sync="TRUE">FERRY</attrlabl><attalias Sync="TRUE">FERRY</attalias><attrtype Sync="TRUE">Number</attrtype><attwidth Sync="TRUE">9</attwidth><attrdef>P030010 - Workers 16 &amp; over: Means of transport to work: Public Transportation; Ferryboat</attrdef><attrdefs>SF3 2000</attrdefs></attr><attr><attrlabl Sync="TRUE">TAXI</attrlabl><attalias Sync="TRUE">TAXI</attalias><attrtype Sync="TRUE">Number</attrtype><attwidth Sync="TRUE">9</attwidth><attrdef>P030011 - Workers 16 &amp; over: Means of transport to work: Public Transportation; Taxicab</attrdef><attrdefs>SF3 2000</attrdefs></attr><attr><attrlabl Sync="TRUE">MOTO</attrlabl><attalias Sync="TRUE">MOTO</attalias><attrtype Sync="TRUE">Number</attrtype><attwidth Sync="TRUE">9</attwidth><attrdef>P030012 - Workers 16 &amp; over: Means of transport to work: Motorcycle</attrdef><attrdefs>SF3 2000</attrdefs></attr><attr><attrlabl Sync="TRUE">BIKE</attrlabl><attalias Sync="TRUE">BIKE</attalias><attrtype Sync="TRUE">Number</attrtype><attwidth Sync="TRUE">9</attwidth><attrdef>P030013 - Workers 16 &amp; over: Means of transport to work: Bicycle</attrdef><attrdefs>SF3 2000</attrdefs></attr><attr><attrlabl Sync="TRUE">OTH_MEAN</attrlabl><attalias Sync="TRUE">OTH_MEAN</attalias><attrtype Sync="TRUE">Number</attrtype><attwidth Sync="TRUE">9</attwidth><attrdef>P030015 - Workers 16 &amp; over: Means of transport to work: Other Means</attrdef><attrdefs>SF3 2000</attrdefs></attr><attr><attrlabl Sync="TRUE">PCT_PTRA</attrlabl><attalias Sync="TRUE">PCT_PTRA</attalias><attrtype Sync="TRUE">Number</attrtype><attwidth Sync="TRUE">12</attwidth><attrdefs>SF3 2000</attrdefs><atnumdec Sync="TRUE">2</atnumdec><attrdef>P030005/P030001 - Percent of workers taking public transit to work</attrdef></attr><attr><attrlabl Sync="TRUE">H_TOT</attrlabl><attalias Sync="TRUE">H_TOT</attalias><attrtype Sync="TRUE">Number</attrtype><attwidth Sync="TRUE">8</attwidth><attrdefs>SF3 2000</attrdefs><attrdef>H007001 - Occupied Housing Units: Total</attrdef></attr><attr><attrlabl Sync="TRUE">H_OWN</attrlabl><attalias Sync="TRUE">H_OWN</attalias><attrtype Sync="TRUE">Number</attrtype><attwidth Sync="TRUE">8</attwidth><attrdefs>SF3 2000 (original), Space, Culture and Urban Policy project staff)</attrdefs><attrdef>H007002 - Occupied housing units: Owner occupied</attrdef></attr><attr><attrlabl Sync="TRUE">H_RENT</attrlabl><attalias Sync="TRUE">H_RENT</attalias><attrtype Sync="TRUE">Number</attrtype><attwidth Sync="TRUE">8</attwidth><attrdefs>SF3 2000</attrdefs><attrdef>H007003 - Occupied Housing Unites: Renter occupied</attrdef></attr><attr><attrlabl Sync="TRUE">HR_400</attrlabl><attalias Sync="TRUE">HR_400</attalias><attrtype Sync="TRUE">Number</attrtype><attwidth Sync="TRUE">8</attwidth><attrdefs>SF3 2000</attrdefs><attrdef>HR054003:HR054009 - renter-occupied housing units with cash rent $0-$399</attrdef></attr><attr><attrlabl Sync="TRUE">HR_800</attrlabl><attalias Sync="TRUE">HR_800</attalias><attrtype Sync="TRUE">Number</attrtype><attwidth Sync="TRUE">8</attwidth><attrdefs>SF3 2000 (original), Space, Culture and Urban Policy project staff)</attrdefs><attrdef>H054010:H054017 - Renter-occupied housing units with cash rent $400-$799</attrdef></attr><attr><attrlabl Sync="TRUE">HR_1250</attrlabl><attalias Sync="TRUE">HR_1250</attalias><attrtype Sync="TRUE">Number</attrtype><attwidth Sync="TRUE">8</attwidth><attrdefs>SF3 2000 (original), Space, Culture and Urban Policy project staff)</attrdefs><attrdef>H054018:H054020 - Renter-occupied housing units with cash rent $800-$1249</attrdef></attr><attr><attrlabl Sync="TRUE">HR_2000</attrlabl><attalias Sync="TRUE">HR_2000</attalias><attrtype Sync="TRUE">Number</attrtype><attwidth Sync="TRUE">8</attwidth><attrdefs>SF3 2000 (original), Space, Culture and Urban Policy project staff)</attrdefs><attrdef>H054021+H054022 - Renter-occupied housing units with cash rent $1250-$1999</attrdef></attr><attr><attrlabl Sync="TRUE">HR_UP</attrlabl><attalias Sync="TRUE">HR_UP</attalias><attrtype Sync="TRUE">Number</attrtype><attwidth Sync="TRUE">8</attwidth><attrdefs>SF3 2000 (original), Space, Culture and Urban Policy project staff)</attrdefs><attrdef>H054023 - Renter-occupied housing units with cash rent $2,000 or more</attrdef></attr><attr><attrlabl Sync="TRUE">FOR_TOT</attrlabl><attalias Sync="TRUE">FOR_TOT</attalias><attrtype Sync="TRUE">Number</attrtype><attwidth Sync="TRUE">10</attwidth><attrdefs>SF3 2000 (original), Space, Culture and Urban Policy project staff)</attrdefs><attrdef>PCT19001 - Foreign-born population: Total</attrdef></attr><attr><attrlabl Sync="TRUE">CHI_BORN</attrlabl><attalias Sync="TRUE">CHI_BORN</attalias><attrtype Sync="TRUE">Number</attrtype><attwidth Sync="TRUE">10</attwidth><attrdefs>SF3 2000</attrdefs><attrdef>PCT19034 - Foreign-born population: Place of birth; Eastern Asia; China</attrdef></attr><attr><attrlabl Sync="TRUE">PHI_BORN</attrlabl><attalias Sync="TRUE">PHI_BORN</attalias><attrtype Sync="TRUE">Number</attrtype><attwidth Sync="TRUE">10</attwidth><attrdefs>SF3 2000</attrdefs><attrdef>PCT19053 - Foreign-born population: South Eastern Asia; Philippines</attrdef></attr><attr><attrlabl Sync="TRUE">TRI_BORN</attrlabl><attalias Sync="TRUE">TRI_BORN</attalias><attrtype Sync="TRUE">Number</attrtype><attwidth Sync="TRUE">10</attwidth><attrdefs>SF3 2000</attrdefs><attrdef>PCT19100 - Foreign-born population: Place of Birth; Caribbean; Trinidad and Tobago</attrdef></attr><attr><attrlabl Sync="TRUE">MEX_BORN</attrlabl><attalias Sync="TRUE">MEX_BORN</attalias><attrtype Sync="TRUE">Number</attrtype><attwidth Sync="TRUE">10</attwidth><attrdefs>SF3 2000</attrdefs><attrdef>PCT19103 - Foreign-born population: Place of Birth; Central American; Mexico</attrdef></attr><attr><attrlabl Sync="TRUE">SAL_BORN</attrlabl><attalias Sync="TRUE">SAL_BORN</attalias><attrtype Sync="TRUE">Number</attrtype><attwidth Sync="TRUE">10</attwidth><attrdefs>SF3 2000</attrdefs><attrdef>PCT19106 - Foreign-born population: Place of Birth; Central America; Other Central America; El Salvador</attrdef></attr><attr><attrlabl Sync="TRUE">FORBORN</attrlabl><attalias Sync="TRUE">FORBORN</attalias><attrtype Sync="TRUE">Number</attrtype><attwidth Sync="TRUE">12</attwidth><attrdefs>SF3 2000 (original), Space, Culture and Urban Policy project staff)</attrdefs><atnumdec Sync="TRUE">2</atnumdec><attrdef>PCT19001/P021001 - Percent of total population Foreign Born</attrdef></attr><attr><attrlabl Sync="TRUE">OID1</attrlabl><attalias Sync="TRUE">OID1</attalias><attrtype Sync="TRUE">Number</attrtype><attwidth Sync="TRUE">9</attwidth><attrdef>ID</attrdef></attr><attr><attrlabl Sync="TRUE">HHLDTOT</attrlabl><attalias Sync="TRUE">HHLDTOT</attalias><attrtype Sync="TRUE">Number</attrtype><attwidth Sync="TRUE">9</attwidth><attrdef>P092001 - Households Total (for household poverty)</attrdef></attr><attr><attrlabl Sync="TRUE">HHLDPOOR</attrlabl><attalias Sync="TRUE">HHLDPOOR</attalias><attrtype Sync="TRUE">Number</attrtype><attwidth Sync="TRUE">11</attwidth><attrdef>P092002 - Households: Income in 1999 below poverty level</attrdef><attrdefs>SF3 2000</attrdefs></attr><attr><attrlabl Sync="TRUE">HHLDNOTP</attrlabl><attalias Sync="TRUE">HHLDNOTP</attalias><attrtype Sync="TRUE">Number</attrtype><attwidth Sync="TRUE">11</attwidth><attrdef>P092031 - Households: Income in 1999 at or above poverty level</attrdef><attrdefs>SF3 2000</attrdefs></attr></detailed>
		<overview></overview>
	</eainfo>
	<distinfo>
		<resdesc>Downloadable Data</resdesc>
		<stdorder>
			<digform>
				<digtinfo>
					<transize>2.413</transize>
					<dssize Sync="TRUE">3.265</dssize></digtinfo>
			</digform>
		</stdorder>
	</distinfo>
	<metainfo>
		<metd Sync="TRUE">20030928</metd>
		<metc>
			<cntinfo>
				<cntorgp>
					<cntorg>Space, Culture and Urban Policy Project</cntorg>
					<cntper>Lisel Blash</cntper>
				</cntorgp>
				<cntaddr>
					<addrtype>mailing and physical address</addrtype>
					<address>Urban Studies Program</address>
					<address>College of Behavioral and Social Sciences</address>
					<address>San Francisco State University</address>
					<address>1600 Holloway Avenue</address>
					<city>San Francisco</city>
					<state>CA</state>
					<postal>94132</postal>
					<country>USA</country>
				</cntaddr>
				<cntvoice>Pamuk: (415) 338-7045</cntvoice>
				<cntvoice>LeGates: (415) 338-2875</cntvoice>
				<cntemail>Pamuk: pamuk@sfsu.edu</cntemail>
				<cntemail>LeGates: dlegates@sfsu.edu</cntemail>
				<cntinst>Ayse Pamuk and Richard LeGates, co-Principal Investigators</cntinst>
			</cntinfo>
		</metc>
		<metstdn Sync="TRUE">FGDC Content Standards for Digital Geospatial Metadata</metstdn>
		<metstdv Sync="TRUE">FGDC-STD-001-1998</metstdv>
		<mettc Sync="TRUE">local time</mettc>
		<metextns>
			<onlink>http://www.esri.com/metadata/esriprof80.html</onlink>
			<metprof>ESRI Metadata Profile</metprof>
		</metextns>
		<langmeta Sync="TRUE">en</langmeta><metextns><onlink Sync="TRUE">http://www.esri.com/metadata/esriprof80.html</onlink><metprof Sync="TRUE">ESRI Metadata Profile</metprof></metextns></metainfo>
	<Esri><CreaDate>20110116</CreaDate><CreaTime>17552600</CreaTime><SyncOnce>FALSE</SyncOnce><SyncDate>20030928</SyncDate><SyncTime>23412100</SyncTime><ModDate>20030928</ModDate><ModTime>23412100</ModTime><ArcGISFormat>1.0</ArcGISFormat><ArcGISstyle>North American Profile of ISO19115 2003</ArcGISstyle><DataProperties><lineage><Process ToolSource="C:\Program Files\ArcGIS\Desktop10.0\ArcToolbox\Toolboxes\Data Management Tools.tbx\DeleteField" Date="20110116" Time="175858">DeleteField BA_tracts FIRST_FIRS;ARC_ID2;OID_;STFID2;STATE;POP100;NAT_POP;FOR_POP;NAT_CIT;NOT_CIT;PCT_FBOR;ENTRY;IN90_00;IN65_89;IN1965;RACEPOP;NOT_LAT;HR_400;HR_800;HR_1250;HR_2000;HR_UP;FOR_TOT;CHI_BORN;PHI_BORN;TRI_BORN;MEX_BORN;SAL_BORN;FORBORN;OID1;HHLDTOT;HHLDPOOR;HHLDNOTP</Process></lineage></DataProperties></Esri><dataIdInfo><envirDesc Sync="TRUE">Microsoft Windows 2000 Version 5.0 (Build 2195) Service Pack 4; ESRI ArcCatalog 8.3.0.800</envirDesc><dataLang><languageCode Sync="TRUE" value="en"></languageCode></dataLang><idCitation><resTitle Sync="TRUE">sf_bay_area_tract_2000X</resTitle><presForm><PresFormCd Sync="TRUE" value="005"></PresFormCd></presForm></idCitation><spatRpType><SpatRepTypCd Sync="TRUE" value="001"></SpatRepTypCd></spatRpType><dataExt><geoEle><GeoBndBox esriExtentType="native"><westBL Sync="TRUE">-123.53367</westBL><eastBL Sync="TRUE">-121.208178</eastBL><northBL Sync="TRUE">38.864243</northBL><southBL Sync="TRUE">36.894156</southBL><exTypeCode Sync="TRUE">1</exTypeCode></GeoBndBox></geoEle></dataExt><geoBox esriExtentType="decdegrees"><westBL Sync="TRUE">-123.53367</westBL><eastBL Sync="TRUE">-121.208178</eastBL><northBL Sync="TRUE">38.864243</northBL><southBL Sync="TRUE">36.894156</southBL><exTypeCode Sync="TRUE">1</exTypeCode></geoBox></dataIdInfo><mdLang><languageCode Sync="TRUE" value="en"></languageCode></mdLang><mdStanName Sync="TRUE">ISO 19115 Geographic Information - Metadata</mdStanName><mdStanVer Sync="TRUE">DIS_ESRI1.0</mdStanVer><mdChar><CharSetCd Sync="TRUE" value="004"></CharSetCd></mdChar><mdHrLv><ScopeCd Sync="TRUE" value="005"></ScopeCd></mdHrLv><mdHrLvName Sync="TRUE">dataset</mdHrLvName><distInfo><distributor><distorTran><onLineSrc><orDesc Sync="TRUE">002</orDesc><linkage Sync="TRUE">file://\\BLACKMAJIK7\GIS\GIS_Data\Bay_Area\Bay_Area_tracts_2000</linkage><protocol Sync="TRUE">Local Area Network</protocol></onLineSrc><transSize Sync="TRUE">3.265</transSize></distorTran><distorFormat><formatName Sync="TRUE">Shapefile</formatName></distorFormat></distributor></distInfo><refSysInfo><RefSystem><refSysID><identCode Sync="TRUE">GCS_Assumed_Geographic_1</identCode></refSysID></RefSystem></refSysInfo><spatRepInfo><VectSpatRep><topLvl><TopoLevCd Sync="TRUE" value="001"></TopoLevCd></topLvl><geometObjs Name="sf_bay_area_tract_2000X"><geoObjTyp><GeoObjTypCd Sync="TRUE" value="001"></GeoObjTypCd></geoObjTyp><geoObjCnt Sync="TRUE">1405</geoObjCnt></geometObjs></VectSpatRep></spatRepInfo><mdDateSt Sync="TRUE">20030928</mdDateSt></metadata>
