<?xml version="1.0" encoding="UTF-8"?>
<metadata xml:lang="en"><Esri><CreaDate>20110114</CreaDate><CreaTime>11143700</CreaTime><ArcGISFormat>1.0</ArcGISFormat><ArcGISstyle>North American Profile of ISO19115 2003</ArcGISstyle><SyncOnce>TRUE</SyncOnce><DataProperties><itemProps><itemLocation><linkage Sync="TRUE">file://\\L-EVA-CSIMEONE\C$\Students\GISQuickStart\GQSLab2_v10\GQSLab2\Other\California</linkage><protocol Sync="TRUE">Local Area Network</protocol></itemLocation></itemProps><copyHistory><copy source="C:\Students\GISQuickStart\GQSLab2_v10\GQSLab2\DHS\California" dest="\\L-EVA-CSIMEONE\C$\Students\GISQuickStart\GQSLab2_v10\GQSLab2\Other\California" date="20110114" time="11152000"></copy></copyHistory></DataProperties></Esri></metadata>
