<?xml version="1.0" encoding="UTF-8"?>
<metadata>
	<idinfo>
		<citation>
			<citeinfo>
				<origin>California Office of Statewide Health Planning and Development</origin>
				<pubdate>Nov 11, 2010</pubdate>
				<title>Healthcare Facility</title>
				<geoform Sync="TRUE">vector digital data</geoform>
				<ftname Sync="TRUE">CA_Healthcare_Facility</ftname><onlink Sync="TRUE">\\Egis-data1\EGIS\Data_Resources\Facility_Publication\Facility_Publication_20101111.gdb</onlink></citeinfo>
		</citation>
		<descript>
			<abstract>The Licensed Healthcare Facilities point layer represents the locations of all healthcare facilities licensed by the State of California, Department of Health Services (DHS), as of the publication date.  Facility address information is maintained and provided by the Office of Statewide Health Planning and Development (OSHPD).  Facility types include hospitals, nursing homes, clinics, etc.</abstract>
			<purpose>The Licensed Healthcare Facilities map layer provides location information for mapping healthcare facilities in California.</purpose>
			<supplinf>Licensed healthcare facility address data are extracted from the the Automated Licensing Information and Report Tracking System (ALIRTS), an OSHPD information system.  All address data are validated against a U.S. Postal Service address database and geocoded using ArcInfo Desktop 9.x against Tele Atlas (GDT) Dynamap/2000 reference data sets, v13, 14, 15.</supplinf>
			<langdata Sync="TRUE">en</langdata></descript>
		<timeperd>
			<timeinfo>
				<sngdate>
					<caldate>Nov 11, 2010</caldate>
				</sngdate>
			</timeinfo>
			<current>publication date</current>
		</timeperd>
		<status>
			<progress>Complete</progress>
			<update>Irregular</update>
		</status>
		<spdom>
			<bounding>
				<westbc Sync="TRUE">-124.274989</westbc>
				<eastbc Sync="TRUE">-113.950755</eastbc>
				<northbc Sync="TRUE">41.994581</northbc>
				<southbc Sync="TRUE">32.469530</southbc>
			</bounding>
			<lboundng><leftbc Sync="TRUE">-355144.293900</leftbc><rightbc Sync="TRUE">502882.406500</rightbc><bottombc Sync="TRUE">-601595.790600</bottombc><topbc Sync="TRUE">441828.235800</topbc></lboundng></spdom>
		<keywords>
			<theme>
				<themekt>California Environmental Resource Evaluation System (CERES)</themekt>
				<themekey>Hospital</themekey><themekey>Clinic</themekey><themekey>Skilled Nursing Facility</themekey><themekey>Surgical Center</themekey><themekey>Hospice</themekey><themekey>Home Health Care</themekey><themekey>Healthcare Facility</themekey></theme>
			<place>
				<placekt>California Environmental Resource Evaluation System (CERES)</placekt>
				<placekey>California</placekey>
			</place>
		</keywords>
		<accconst>None.</accconst>
		<useconst>The State of California, Health and Human Services Agency, and the Office of Statewide Health Planning and Development make no representations or warranties regarding the accuracy of data or maps. The user will not seek to hold the State or the Department liable under any circumstances for any damages with respect to any claim by the user or any third party on account of or arising from the use of data or maps. The user will cite the Office of Statewide Health Planning and Development as the original source of the data, but will clearly denote cases where the original data have been updated, modified, or in any way altered from the original condition. There are no restrictions on distribution of the data by users. However, users are encouraged to refer others to the Office of Statewide Health Planning and Development to acquire the data, in case updated data become available.</useconst>
		<ptcontac>
			<cntinfo>
				<cntperp>
					<cntper>Mike O'Neill</cntper>
					<cntorg>California Office of Statewide Health Planning and Development</cntorg>
				</cntperp>
				<cntpos>Senior GIS Architect</cntpos>
				<cntaddr>
					<addrtype>mailing and physical address</addrtype>
					<address>400 R Street</address>
					<city>Sacramento</city>
					<state>CA</state>
					<postal>95811</postal>
					<country>US</country>
				</cntaddr>
				<cntvoice>(916) 326-3982</cntvoice>
				<cntemail>giswebmaster@oshpd.ca.gov</cntemail>
			</cntinfo>
		</ptcontac>
		<browse>
			<browset>JPEG</browset>
		</browse>
		<datacred>California Licensed Healthcare Facilities. January 2006. California Health and Human Services Agency, Office of Statewide Health Planning and Development, Sacramento CA.</datacred>
		<native Sync="TRUE">Microsoft Windows XP Version 5.1 (Build 2600) Service Pack 3; ESRI ArcCatalog 9.3.1.4000</native>
		<natvform Sync="TRUE">File Geodatabase Feature Class</natvform></idinfo>
	<dataqual>
		<lineage>
			<procstep>
				<procdesc>Updated from ALIRTS.</procdesc>
				<srcused>\\egis-data\vector.egis.lhf_etl_geospatial</srcused>
				<procdate>March 28, 2008</procdate>
				<proccont>
					<cntinfo>
						<cntperp>
							<cntper>Mike O'Neill</cntper>
							<cntorg>OSHPD - ITSS</cntorg>
						</cntperp>
					</cntinfo>
				</proccont>
			</procstep>
			<procstep>
				<procdesc>Metadata imported.</procdesc>
				<srcused>C:\DOCUME~1\MOneill\LOCALS~1\Temp\xmlB7.tmp</srcused>
			</procstep>
			<procstep><procdesc Sync="TRUE">Metadata imported.</procdesc><srcused Sync="TRUE">D:\Temp\VECTOR.EGIS.hospitals.xml</srcused><procdate Sync="TRUE">20090313</procdate><proctime Sync="TRUE">16441200</proctime></procstep><procstep><procdesc>Updated from ALIRTS system.</procdesc><procdate>Feb 24, 2009</procdate></procstep><procstep><proccont><cntinfo><cntorgp><cntorg>Office of Statewide Healthcare Planning and Development</cntorg><cntper>Mike O'Neill</cntper></cntorgp></cntinfo></proccont><procdesc>Updated from ALIRTS system. Manually fixed longitude sign on 10 records.</procdesc><procsv>ArcGIS 9.3</procsv><srcused>\\egis-data1\vector.dbo.lhf_etl_geospatial</srcused><procdate>August 18, 2009</procdate></procstep><procstep><proccont><cntinfo><cntperp><cntper>Michael O'Neill</cntper><cntorg>OSHPD</cntorg></cntperp></cntinfo></proccont><procdesc>Updated from ALIRTS system. Copied facility name aliases from previous feature class. Reviewed and updated facility alias names.</procdesc><procsv>ArcGIS 9.3</procsv><procdate>January 1, 2010</procdate><proctime>11:00 AM</proctime><srcused>\\egis-data1\vector.dbo.lhf_etl_geospatial</srcused></procstep><procstep><proccont><cntinfo><cntperp><cntper>Michael O'Neill</cntper><cntorg>OSHPD</cntorg></cntperp></cntinfo></proccont><procdesc>Updated from ALIRTS system. Copied facility name aliases from previous feature class. Reviewed and updated facility alias names.

More Details: Created XY event from source table. Selected records with nonzero lat/long. Project from WGS84 to NAD83 geographic. Project from geographic to CA Teale Albers. Join current feature class to new feature class on OSHPDID and copy over alias names. Verify pre-existing alias names for facilities that were updated in ALIRTS since this was last done; fix as needed.  Add new alias names for any facility still missing an alias name. Update metadata. Update into ArcSDE.</procdesc><procsv>ArcGIS 9.3.1</procsv><procdate>May 10, 2010</procdate><proctime>2pm</proctime><srcused>\\egis-data1\vector.dbo.lhf_etl_geospatial</srcused></procstep><procstep><proccont><cntinfo><cntperp><cntper>Mike O'Neill</cntper></cntperp></cntinfo></proccont><procdesc>Updated from ALIRTS system. Copied facility name aliases from previous feature class. Reviewed and updated facility alias names.

More Details: Created XY event from source table. Selected records with nonzero lat/long. Project from WGS84 to NAD83 geographic. Project from geographic to CA Teale Albers. Join current feature class to new feature class on OSHPDID and copy over alias names. Verify pre-existing alias names for facilities that were updated in ALIRTS since this was last done; fix as needed.  Add new alias names for any facility still missing an alias name. Update metadata. Update into ArcSDE.</procdesc><procsv>ArcGIS 9.3.1</procsv><procdate>Nov 24, 2010</procdate><srcused>\\egis-data1\vector.dbo.lhf_etl_geospatial</srcused><srcprod>\\egis-data1\EGIS_Users\2.User_Projects\DMO\Facility_Updates_from_DW\1.Data\Final versions.gdb\Healthcare_Facility_20101111</srcprod></procstep></lineage>
	</dataqual>
	<spdoinfo>
		<direct Sync="TRUE">Vector</direct>
		<ptvctinf><esriterm Name="CA_Healthcare_Facility"><efeatyp Sync="TRUE">Simple</efeatyp><efeageom Sync="TRUE">1</efeageom><esritopo Sync="TRUE">FALSE</esritopo><efeacnt Sync="TRUE">6948</efeacnt><spindex Sync="TRUE">TRUE</spindex><linrefer Sync="TRUE">FALSE</linrefer></esriterm></ptvctinf></spdoinfo>
	<spref>
		<horizsys>
			<planar>
				<planci>
					<plance Sync="TRUE">coordinate pair</plance>
					<coordrep>
						<absres Sync="TRUE">0.000100</absres>
						<ordres Sync="TRUE">0.000100</ordres>
					</coordrep>
					<plandu Sync="TRUE">meters</plandu>
				</planci>
			</planar>
			<geodetic>
				<horizdn Sync="TRUE">North American Datum of 1983</horizdn>
				<ellips Sync="TRUE">Geodetic Reference System 80</ellips>
				<semiaxis Sync="TRUE">6378137.000000</semiaxis>
				<denflat Sync="TRUE">298.257222</denflat>
			</geodetic>
			<cordsysn><geogcsn Sync="TRUE">GCS_North_American_1983</geogcsn><projcsn Sync="TRUE">NAD_1983_California_Teale_Albers</projcsn></cordsysn></horizsys>
		<vertdef>
			<altsys>
				<altres Sync="TRUE">0.000125</altres>
				<altenc Sync="TRUE">Explicit elevation coordinate included with horizontal coordinates</altenc>
			</altsys>
		</vertdef>
	</spref>
	<eainfo>
		<detailed Name="CA_Healthcare_Facility">
			<enttyp>
				<enttypl Sync="TRUE">CA_Healthcare_Facility</enttypl>
				<enttypt Sync="TRUE">Feature Class</enttypt><enttypc Sync="TRUE">6948</enttypc></enttyp>
			<attr>
				<attrlabl>OSHPD_ID</attrlabl>
				<attrdef>Unique key identifying a licensed healthcare facility that reports data to the California Office of Statewide Health Planning and Development.</attrdef>
				<attrdefs>OSHPD</attrdefs>
				<attalias Sync="TRUE">OSHPD ID</attalias><attrtype Sync="TRUE">String</attrtype><attwidth Sync="TRUE">10</attwidth><atprecis Sync="TRUE">0</atprecis><attscale Sync="TRUE">0</attscale></attr>
			<attr>
				<attrlabl>LICENSE_NO</attrlabl>
				<attrdef>Healthcare facility license number issued by the California Department of Health Services [CDHS].</attrdef>
				<attrdefs>OSHPD</attrdefs>
				<attalias Sync="TRUE">DHS License Number</attalias><attrtype Sync="TRUE">String</attrtype><attwidth Sync="TRUE">9</attwidth><atprecis Sync="TRUE">0</atprecis><attscale Sync="TRUE">0</attscale></attr>
			<attr>
				<attrlabl>LICENSEID</attrlabl>
				<attrdef>Internal system key tracking license information in ALIRTS.</attrdef>
				<attrdefs>OSHPD</attrdefs>
				<attalias Sync="TRUE">ALIRTS License ID</attalias><attrtype Sync="TRUE">String</attrtype><attwidth Sync="TRUE">8</attwidth><atprecis Sync="TRUE">0</atprecis><attscale Sync="TRUE">0</attscale></attr>
			<attr>
				<attrlabl>ADDRESSID</attrlabl>
				<attrdef>Internal system key tracking address information in ALIRTS.</attrdef>
				<attrdefs>OSHPD</attrdefs>
				<attalias Sync="TRUE">ALIRTS Address ID</attalias><attrtype Sync="TRUE">String</attrtype><attwidth Sync="TRUE">8</attwidth><atprecis Sync="TRUE">0</atprecis><attscale Sync="TRUE">0</attscale></attr>
			<attr>
				<attrlabl>OBJECTID</attrlabl>
				<attrdef>Internal feature number.</attrdef>
				<attrdefs>ESRI</attrdefs>
				<attrdomv>
					<udom>Sequential unique whole numbers that are automatically generated.</udom>
				</attrdomv>
				<attalias Sync="TRUE">OBJECTID</attalias><attrtype Sync="TRUE">OID</attrtype><attwidth Sync="TRUE">4</attwidth><atprecis Sync="TRUE">0</atprecis><attscale Sync="TRUE">0</attscale></attr>
			<attr>
				<attrlabl>FACILITYID</attrlabl>
				<attrdef>Internal system key tracking facility information in ALIRTS.</attrdef>
				<attrdefs>OSHPD</attrdefs>
				<attalias Sync="TRUE">ALIRTS Facility ID</attalias><attrtype Sync="TRUE">String</attrtype><attwidth Sync="TRUE">8</attwidth><atprecis Sync="TRUE">0</atprecis><attscale Sync="TRUE">0</attscale></attr>
			<attr>
				<attrlabl>ENTITYID</attrlabl>
				<attrdef>Internal system key tracking legal entity information in ALIRTS.</attrdef>
				<attrdefs>OSHPD</attrdefs>
				<attalias Sync="TRUE">ALIRTS Entity ID</attalias><attrtype Sync="TRUE">String</attrtype><attwidth Sync="TRUE">8</attwidth><atprecis Sync="TRUE">0</atprecis><attscale Sync="TRUE">0</attscale></attr>
			<attr>
				<attrlabl>PERM_ID</attrlabl>
				<attrdef>Unique key identifying a healthcare facility; equivalent to Facility Number used by OSHPD Facilities Development Division [FDD].</attrdef>
				<attrdefs>OSHPD</attrdefs>
				<attalias Sync="TRUE">Facility Number (Perm ID)</attalias><attrtype Sync="TRUE">String</attrtype><attwidth Sync="TRUE">6</attwidth><atprecis Sync="TRUE">0</atprecis><attscale Sync="TRUE">0</attscale></attr>
			<attr>
				<attrlabl>FACILITY</attrlabl>
				<attrdef>Healthcare facility name as presented on state license.</attrdef>
				<attrdefs>OSHPD</attrdefs>
				<attalias Sync="TRUE">Facility Name</attalias><attrtype Sync="TRUE">String</attrtype><attwidth Sync="TRUE">80</attwidth><atprecis Sync="TRUE">0</atprecis><attscale Sync="TRUE">0</attscale></attr>
			<attr>
				<attrlabl>ALIAS</attrlabl>
				<attrdef>Healthcare facility name; string length shortened for cartographic usability.</attrdef>
				<attrdefs>OSHPD</attrdefs>
				<attalias Sync="TRUE">Facility Alias</attalias><attrtype Sync="TRUE">String</attrtype><attwidth Sync="TRUE">50</attwidth><atprecis Sync="TRUE">0</atprecis><attscale Sync="TRUE">0</attscale></attr>
			<attr>
				<attrlabl>ADDRESS_1</attrlabl>
				<attrdef>Facility street address listed on license; number and name.</attrdef>
				<attrdefs>OSHPD</attrdefs>
				<attalias Sync="TRUE">Street Address</attalias><attrtype Sync="TRUE">String</attrtype><attwidth Sync="TRUE">60</attwidth><atprecis Sync="TRUE">0</atprecis><attscale Sync="TRUE">0</attscale></attr>
			<attr>
				<attrlabl>ADDRESS_2</attrlabl>
				<attrdef>Secondary facility address listed on license; Suite, PO box, etc.</attrdef>
				<attrdefs>OSHPD</attrdefs>
				<attalias Sync="TRUE">Other Address</attalias><attrtype Sync="TRUE">String</attrtype><attwidth Sync="TRUE">40</attwidth><atprecis Sync="TRUE">0</atprecis><attscale Sync="TRUE">0</attscale></attr>
			<attr>
				<attrlabl>ADDR_DATE</attrlabl>
				<attrdef>Date of latest update to address from the OSHPD ALIRTS system.</attrdef>
				<attrdefs>OSHPD</attrdefs>
				<attalias Sync="TRUE">Address Update Date</attalias><attrtype Sync="TRUE">Date</attrtype><attwidth Sync="TRUE">8</attwidth><atprecis Sync="TRUE">0</atprecis><attscale Sync="TRUE">0</attscale></attr>
			<attr>
				<attrlabl>CITY</attrlabl>
				<attrdef>City name listed on the facility license issued by California Dept of Public Health, Licensing and Certification.</attrdef>
				<attrdefs>OSHPD</attrdefs>
				<attalias Sync="TRUE">City</attalias><attrtype Sync="TRUE">String</attrtype><attwidth Sync="TRUE">30</attwidth><atprecis Sync="TRUE">0</atprecis><attscale Sync="TRUE">0</attscale></attr>
			<attr>
				<attrlabl>ZIP_CODE</attrlabl>
				<attrdef>ZIP Code listed on facility license; five-digit ZIP Code only.</attrdef>
				<attrdefs>OSHPD</attrdefs>
				<attalias Sync="TRUE">ZIP Code</attalias><attrtype Sync="TRUE">String</attrtype><attwidth Sync="TRUE">5</attwidth><atprecis Sync="TRUE">0</atprecis><attscale Sync="TRUE">0</attscale></attr>
			<attr>
				<attrlabl>CONTACT</attrlabl>
				<attrdef>Healthcare facility contact name derived from utilization report stored in ALIRTS.</attrdef>
				<attrdefs>OSHPD</attrdefs>
				<attalias Sync="TRUE">Contact Person</attalias><attrtype Sync="TRUE">String</attrtype><attwidth Sync="TRUE">80</attwidth><atprecis Sync="TRUE">0</atprecis><attscale Sync="TRUE">0</attscale></attr>
			<attr>
				<attrlabl>PHONE</attrlabl>
				<attrdef>Healthcare facility contact phone number derived from utilization reports stored in ALIRTS.</attrdef>
				<attrdefs>OSHPD</attrdefs>
				<attalias Sync="TRUE">Contact Phone</attalias><attrtype Sync="TRUE">String</attrtype><attwidth Sync="TRUE">20</attwidth><atprecis Sync="TRUE">0</atprecis><attscale Sync="TRUE">0</attscale></attr>
			<attr>
				<attrlabl>FAC_TYPE</attrlabl>
				<attrdef>Code identifying healthcare facility type.  Code is used as first digit of OSHPD_ID</attrdef>
				<attrdefs>OSHPD</attrdefs>
				<attrdomv>
					<edom>
						<edomv>1</edomv>
						<edomvd>Hospital</edomvd>
						<edomvds>OSHPD</edomvds>
					</edom>
					<edom>
						<edomv>2</edomv>
						<edomvd>Long Term Care Facility</edomvd>
						<edomvds>OSHPD</edomvds>
					</edom>
					<edom>
						<edomv>3</edomv>
						<edomvd>Clinic</edomvd>
						<edomvds>OSHPD</edomvds>
					</edom>
					<edom>
						<edomv>4</edomv>
						<edomvd>Home Health Agency/Hospice</edomvd>
						<edomvds>OSHPD</edomvds>
					</edom>
					<edom>
						<edomv>7</edomv>
						<edomvd>State Hospital</edomvd>
						<edomvds>OSHPD</edomvds>
					</edom>
				</attrdomv>
				<attalias Sync="TRUE">Facility Type</attalias><attrtype Sync="TRUE">String</attrtype><attwidth Sync="TRUE">2</attwidth><atprecis Sync="TRUE">0</atprecis><attscale Sync="TRUE">0</attscale></attr>
			<attr>
				<attrlabl>GCD_MTYPE</attrlabl>
				<attrdef>Geocode match type code</attrdef>
				<attrdefs>OSHPD</attrdefs>
				<attalias Sync="TRUE">Geocode Match Type</attalias><attrtype Sync="TRUE">String</attrtype><attwidth Sync="TRUE">10</attwidth><atprecis Sync="TRUE">0</atprecis><attscale Sync="TRUE">0</attscale></attr>
			<attr>
				<attrlabl>FAC_STATUS</attrlabl>
				<attrdef>Status of the healthcare facility license as issued by the Calfornia Department of Health Services [CDHS].  Value correlates with status_id attribute.</attrdef>
				<attrdefs>OSHPD (ALIRTS facility_status_type domain)</attrdefs>
				<attrdomv>
					<edom>
						<edomv>Closed</edomv>
						<edomvd>Facility is closed</edomvd>
						<edomvds>(ALIRTS facility_status_type domain)</edomvds>
					</edom>
					<edom>
						<edomv>Open</edomv>
						<edomvd>Facility is open</edomvd>
						<edomvds>(ALIRTS facility_status_type domain)</edomvds>
					</edom>
					<edom>
						<edomv>Suspense</edomv>
						<edomvd>Facility is suspended</edomvd>
						<edomvds>(ALIRTS facility_status_type domain)</edomvds>
					</edom>
					<edom>
						<edomv>Under Construction</edomv>
						<edomvd>Facility is under construction</edomvd>
						<edomvds>(ALIRTS facility_status_type domain)</edomvds>
					</edom>
				</attrdomv>
				<attalias Sync="TRUE">Facility Status</attalias><attrtype Sync="TRUE">String</attrtype><attwidth Sync="TRUE">20</attwidth><atprecis Sync="TRUE">0</atprecis><attscale Sync="TRUE">0</attscale></attr>
			<attr>
				<attrlabl>STATUS_ID</attrlabl>
				<attrdef>Code identifying status of the healthcare facility license.  Coded value correlates with fac_status attribute.</attrdef>
				<attrdefs>OSHPD (ALIRTS facility_status_type domain)</attrdefs>
				<attrdomv>
					<edom>
						<edomv>1</edomv>
						<edomvd>Closed</edomvd>
						<edomvds>OSHPD (ALIRTS facility_status_type domain)</edomvds>
					</edom>
					<edom>
						<edomv>2</edomv>
						<edomvd>Open</edomvd>
						<edomvds>OSHPD (ALIRTS facility_status_type domain)</edomvds>
					</edom>
					<edom>
						<edomv>3</edomv>
						<edomvd>Under Construction</edomvd>
						<edomvds>OSHPD (ALIRTS facility_status_type domain)</edomvds>
					</edom>
					<edom>
						<edomv>4</edomv>
						<edomvd>Suspense</edomvd>
						<edomvds>OSHPD (ALIRTS facility_status_type domain)</edomvds>
					</edom>
				</attrdomv>
				<attalias Sync="TRUE">Facility Status ID</attalias><attrtype Sync="TRUE">String</attrtype><attwidth Sync="TRUE">2</attwidth><atprecis Sync="TRUE">0</atprecis><attscale Sync="TRUE">0</attscale></attr>
			<attr>
				<attrlabl>DSH</attrlabl>
				<attrdef>Facility is designated a Disproportionate Share Hospital [DSH] by the California Department of Health Services [CDHS].  (boolean)</attrdef>
				<attrdefs>OSHPD</attrdefs>
				<attalias Sync="TRUE">Disproportionate Share Hospital</attalias><attrtype Sync="TRUE">SmallInteger</attrtype><attwidth Sync="TRUE">2</attwidth><atprecis Sync="TRUE">0</atprecis><attscale Sync="TRUE">0</attscale><attrdomv><edom><edomv>1</edomv><edomvd>TRUE or YES</edomvd></edom><edom><edomv>0</edomv><edomvd>FALSE or NO</edomvd></edom></attrdomv></attr>
			<attr>
				<attrlabl>AD</attrlabl>
				<attrdef>State Assembly District number.</attrdef>
				<attrdefs>OSHPD</attrdefs>
				<attalias Sync="TRUE">Assembly District</attalias><attrtype Sync="TRUE">String</attrtype><attwidth Sync="TRUE">2</attwidth><atprecis Sync="TRUE">0</atprecis><attscale Sync="TRUE">0</attscale></attr>
			<attr>
				<attrlabl>CD</attrlabl>
				<attrdef>Congressional District number.</attrdef>
				<attrdefs>OSHPD</attrdefs>
				<attalias Sync="TRUE">Congressional District</attalias><attrtype Sync="TRUE">String</attrtype><attwidth Sync="TRUE">2</attwidth><atprecis Sync="TRUE">0</atprecis><attscale Sync="TRUE">0</attscale></attr>
			<attr>
				<attrlabl>MA</attrlabl>
				<attrdef>Metropolitan Area as defined by the U.S. Office of Management and Budget [OMB].  (boolean)</attrdef>
				<attrdefs>OSHPD</attrdefs>
				<attrdomv>
					<edom>
						<edomv>0</edomv>
						<edomvd>No</edomvd>
					</edom>
					<edom>
						<edomv>1</edomv>
						<edomvd>Yes</edomvd>
					</edom>
				</attrdomv>
				<attalias Sync="TRUE">Metropolitan Area</attalias><attrtype Sync="TRUE">SmallInteger</attrtype><attwidth Sync="TRUE">2</attwidth><atprecis Sync="TRUE">0</atprecis><attscale Sync="TRUE">0</attscale></attr>
			<attr>
				<attrlabl>TYPE</attrlabl>
				<attrdef>Describes the type of healthcare facility as licensed by the California Department of Health Services [CDHS].</attrdef>
				<attrdefs>OSHPD</attrdefs>
				<attalias Sync="TRUE">License Type</attalias><attrtype Sync="TRUE">String</attrtype><attwidth Sync="TRUE">50</attwidth><atprecis Sync="TRUE">0</atprecis><attscale Sync="TRUE">0</attscale></attr>
			<attr>
				<attrlabl>TYPE_ID</attrlabl>
				<attrdef>Code identifying the type of healthcare facility as licensed by California Department of Health Services [CDHS].</attrdef>
				<attrdefs>OSHPD (ALIRTS license_type domain)</attrdefs>
				<attrdomv>
					<edom>
						<edomv>1</edomv>
						<edomvd>Clinic</edomvd>
						<edomvds>OSHPD (ALIRTS license_type domain)</edomvds>
					</edom>
					<edom>
						<edomv>2</edomv>
						<edomvd>Home Health Agency/Hospice</edomvd>
						<edomvds>OSHPD (ALIRTS license_type domain)</edomvds>
					</edom>
					<edom>
						<edomv>3</edomv>
						<edomvd>Hospital</edomvd>
						<edomvds>OSHPD (ALIRTS license_type domain)</edomvds>
					</edom>
					<edom>
						<edomv>4</edomv>
						<edomvd>Long Term Care Facility</edomvd>
						<edomvds>OSHPD (ALIRTS license_type domain)</edomvds>
					</edom>
				</attrdomv>
				<attalias Sync="TRUE">Licence Type ID</attalias><attrtype Sync="TRUE">String</attrtype><attwidth Sync="TRUE">2</attwidth><atprecis Sync="TRUE">0</atprecis><attscale Sync="TRUE">0</attscale></attr>
			<attr>
				<attrlabl>BLOCK_FIPS</attrlabl>
				<attrdef>Census block fips code (15-digit)</attrdef>
				<attrdefs>US Census</attrdefs>
				<attalias Sync="TRUE">Census Block FIPS</attalias><attrtype Sync="TRUE">String</attrtype><attwidth Sync="TRUE">15</attwidth><atprecis Sync="TRUE">0</atprecis><attscale Sync="TRUE">0</attscale></attr>
			<attr>
				<attrlabl>CATEGORY</attrlabl>
				<attrdef>Describes the category of healthcare facility as licensed by the California Department of Health Services [CDHS].  Values correlate with 'categry_id' attribute.</attrdef>
				<attrdefs>OSHPD (ALIRTS license_category table)</attrdefs>
				<attalias Sync="TRUE">License Category</attalias><attrtype Sync="TRUE">String</attrtype><attwidth Sync="TRUE">40</attwidth><atprecis Sync="TRUE">0</atprecis><attscale Sync="TRUE">0</attscale></attr>
			<attr>
				<attrlabl>STATUS_DAT</attrlabl>
				<attrdef>Date for the latest status condition according to the latest license recieved by OSHPD in the ALIRTS system.</attrdef>
				<attrdefs>OSHPD</attrdefs>
				<attalias Sync="TRUE">Facility Status Date</attalias><attrtype Sync="TRUE">Date</attrtype><attwidth Sync="TRUE">8</attwidth><atprecis Sync="TRUE">0</atprecis><attscale Sync="TRUE">0</attscale></attr>
			<attr>
				<attrlabl>TRACT_FIPS</attrlabl>
				<attrdef>Census tract fips code (12-digit)</attrdef>
				<attrdefs>US Census</attrdefs>
				<attalias Sync="TRUE">Census Tract FIPS</attalias><attrtype Sync="TRUE">String</attrtype><attwidth Sync="TRUE">12</attwidth><atprecis Sync="TRUE">0</atprecis><attscale Sync="TRUE">0</attscale></attr>
			<attr>
				<attrlabl>UA</attrlabl>
				<attrdef>Urbanized Area as defined by the U.S. Census Bureau (boolean)</attrdef>
				<attrdefs>OSHPD</attrdefs>
				<attrdomv>
					<edom>
						<edomv>0</edomv>
						<edomvd>FALSE or NO</edomvd>
					</edom>
					<edom>
						<edomv>1</edomv>
						<edomvd>TRUE or YES</edomvd>
					</edom>
				</attrdomv>
				<attalias Sync="TRUE">Urbanized Area</attalias><attrtype Sync="TRUE">SmallInteger</attrtype><attwidth Sync="TRUE">2</attwidth><atprecis Sync="TRUE">0</atprecis><attscale Sync="TRUE">0</attscale></attr>
			<attr>
				<attrlabl>CATEGRY_ID</attrlabl>
				<attrdef>Code identifying the category of healthcare facility as licensed by the California Department of Health Services [CDHS].  Values correlate with 'category' attribute.</attrdef>
				<attrdefs>OSHPD (ALIRTS license_category_id domain)</attrdefs>
				<attrdomv>
					<edom>
						<edomv>1</edomv>
						<edomvd>Acute Psychiatric Hospital</edomvd>
						<edomvds>OSHPD</edomvds>
					</edom>
					<edom>
						<edomv>2</edomv>
						<edomvd>Alternative Birthing Center</edomvd>
						<edomvds>OSHPD</edomvds>
					</edom>
					<edom>
						<edomv>3</edomv>
						<edomvd>Chemical Dependency Recovery Hospital</edomvd>
						<edomvds>OSHPD</edomvds>
					</edom>
					<edom>
						<edomv>4</edomv>
						<edomvd>Chronic Dialysis Clinic</edomvd>
						<edomvds>OSHPD</edomvds>
					</edom>
					<edom>
						<edomv>5</edomv>
						<edomvd>Community Clinic</edomvd>
						<edomvds>OSHPD</edomvds>
					</edom>
					<edom>
						<edomv>6</edomv>
						<edomvd>Congregate Living Health Facility</edomvd>
						<edomvds>OSHPD</edomvds>
					</edom>
					<edom>
						<edomv>7</edomv>
						<edomvd>Free Clinic</edomvd>
						<edomvds>OSHPD</edomvds>
					</edom>
					<edom>
						<edomv>8</edomv>
						<edomvd>General Acute Care Hospital</edomvd>
						<edomvds>OSHPD</edomvds>
					</edom>
					<edom>
						<edomv>9</edomv>
						<edomvd>Home Health Agency</edomvd>
						<edomvds>OSHPD</edomvds>
					</edom>
					<edom>
						<edomv>10</edomv>
						<edomvd>Hospice</edomvd>
						<edomvds>OSHPD</edomvds>
					</edom>
					<edom>
						<edomv>11</edomv>
						<edomvd>Intermediate Care Facility</edomvd>
						<edomvds>OSHPD</edomvds>
					</edom>
					<edom>
						<edomv>12</edomv>
						<edomvd>ICF/Developmentally Disabled</edomvd>
						<edomvds>OSHPD</edomvds>
					</edom>
					<edom>
						<edomv>13</edomv>
						<edomvd>ICF/Developmentally Disabled - Habilitative</edomvd>
						<edomvds>OSHPD</edomvds>
					</edom>
					<edom>
						<edomv>14</edomv>
						<edomvd>ICF/Developmentally Disabled - Nursing</edomvd>
						<edomvds>OSHPD</edomvds>
					</edom>
					<edom>
						<edomv>15</edomv>
						<edomvd>Psychiatric Health Facility</edomvd>
						<edomvds>OSHPD</edomvds>
					</edom>
					<edom>
						<edomv>16</edomv>
						<edomvd>Psychology Clinic</edomvd>
						<edomvds>OSHPD</edomvds>
					</edom>
					<edom>
						<edomv>17</edomv>
						<edomvd>Rehabilitation Clinic</edomvd>
						<edomvds>OSHPD</edomvds>
					</edom>
					<edom>
						<edomv>18</edomv>
						<edomvd>Skilled Nursing Facility</edomvd>
						<edomvds>OSHPD</edomvds>
					</edom>
					<edom>
						<edomv>19</edomv>
						<edomvd>Special Hospital</edomvd>
						<edomvds>OSHPD</edomvds>
					</edom>
					<edom>
						<edomv>20</edomv>
						<edomvd>Surgical Clinic</edomvd>
						<edomvds>OSHPD</edomvds>
					</edom>
				</attrdomv>
				<attalias Sync="TRUE">License Category ID</attalias><attrtype Sync="TRUE">String</attrtype><attwidth Sync="TRUE">2</attwidth><atprecis Sync="TRUE">0</atprecis><attscale Sync="TRUE">0</attscale></attr>
			<attr>
				<attrlabl>CNTRL_CTGY</attrlabl>
				<attrdef>Describes the category of control (ownership) of the healthcare facility licensee.</attrdef>
				<attrdefs>OSHPD</attrdefs>
				<attalias Sync="TRUE">Control Category</attalias><attrtype Sync="TRUE">String</attrtype><attwidth Sync="TRUE">20</attwidth><atprecis Sync="TRUE">0</atprecis><attscale Sync="TRUE">0</attscale></attr>
			<attr>
				<attrlabl>CNTRL_TYPE</attrlabl>
				<attrdef>Describes the category and type of control (ownership) of the healthcare facility licensee.</attrdef>
				<attrdefs>OSHPD</attrdefs>
				<attalias Sync="TRUE">Control Type</attalias><attrtype Sync="TRUE">String</attrtype><attwidth Sync="TRUE">40</attwidth><atprecis Sync="TRUE">0</atprecis><attscale Sync="TRUE">0</attscale></attr>
			<attr>
				<attrlabl>RUCA</attrlabl>
				<attrdef>Rural area as defined by the Rural-Urban Commuting Area [RUCA] classification system, as applied by the federal Office of Rural Health Policy [ORHP].  (boolean)</attrdef>
				<attrdefs>OSHPD</attrdefs>
				<attalias Sync="TRUE">Rural-Urban Commuting Area</attalias><attrtype Sync="TRUE">SmallInteger</attrtype><attwidth Sync="TRUE">2</attwidth><atprecis Sync="TRUE">0</atprecis><attscale Sync="TRUE">0</attscale><attrdomv><edom><edomv>1</edomv><edomvd>TRUE or YES</edomvd></edom><edom><edomv>0</edomv><edomvd>FALSE or NO</edomvd></edom></attrdomv></attr>
			<attr>
				<attrlabl>TEACH_HOSP</attrlabl>
				<attrdef>Facility is a teaching hospital.  (boolean)</attrdef>
				<attrdefs>OSHPD</attrdefs>
				<attrdomv>
					<edom>
						<edomv>0</edomv>
						<edomvd>No</edomvd>
					</edom>
					<edom>
						<edomv>1</edomv>
						<edomvd>Yes</edomvd>
					</edom>
				</attrdomv>
				<attalias Sync="TRUE">Teaching Hospital</attalias><attrtype Sync="TRUE">SmallInteger</attrtype><attwidth Sync="TRUE">2</attwidth><atprecis Sync="TRUE">0</atprecis><attscale Sync="TRUE">0</attscale></attr>
			<attr>
				<attrlabl>RURAL_HOSP</attrlabl>
				<attrdef>Facility is designated a Rural Hospital as listed in the California Health and Safety Code, Section 1250.  (boolean)</attrdef>
				<attrdefs>OSHPD</attrdefs>
				<attrdomv>
					<edom>
						<edomv>0</edomv>
						<edomvd>No</edomvd>
					</edom>
					<edom>
						<edomv>1</edomv>
						<edomvd>Yes</edomvd>
					</edom>
				</attrdomv>
				<attalias Sync="TRUE">Rural Hospital</attalias><attrtype Sync="TRUE">SmallInteger</attrtype><attwidth Sync="TRUE">2</attwidth><atprecis Sync="TRUE">0</atprecis><attscale Sync="TRUE">0</attscale></attr>
			<attr>
				<attrlabl>CAH</attrlabl>
				<attrdef>Facility is designated a Critical Access Hospital [CAH] by the California Department of Health Services [CDHS].  (boolean)</attrdef>
				<attrdefs>OSHPD</attrdefs>
				<attalias Sync="TRUE">Critical Access Hospital</attalias><attrtype Sync="TRUE">SmallInteger</attrtype><attwidth Sync="TRUE">2</attwidth><atprecis Sync="TRUE">0</atprecis><attscale Sync="TRUE">0</attscale><attrdomv><edom><edomv>1</edomv><edomvd>TRUE or YES</edomvd></edom><edom><edomv>0</edomv><edomvd>FALSE or NO</edomvd></edom></attrdomv></attr>
			<attr>
				<attrlabl>STATE</attrlabl>
				<attrdef>State abbreviation listed on facility license.</attrdef>
				<attrdefs>OSHPD</attrdefs>
				<attalias Sync="TRUE">State</attalias><attrtype Sync="TRUE">String</attrtype><attwidth Sync="TRUE">2</attwidth><atprecis Sync="TRUE">0</atprecis><attscale Sync="TRUE">0</attscale></attr>
			<attr>
				<attrlabl>FQHC</attrlabl>
				<attrdef>Facility is designated a Federally Qualified Health Center [FQHC] by the U.S. Department of Health and Human Services, Centers for Medicare and Medicaid Services [CMS].  (boolean)</attrdef>
				<attrdefs>OSHPD</attrdefs>
				<attrdomv>
					<edom>
						<edomv>0</edomv>
						<edomvd>No</edomvd>
					</edom>
					<edom>
						<edomv>1</edomv>
						<edomvd>Yes</edomvd>
					</edom>
				</attrdomv>
				<attalias Sync="TRUE">Federally Qualified Health Center</attalias><attrtype Sync="TRUE">SmallInteger</attrtype><attwidth Sync="TRUE">2</attwidth><atprecis Sync="TRUE">0</atprecis><attscale Sync="TRUE">0</attscale></attr>
			<attr>
				<attrlabl>ZIPPLUS4</attrlabl>
				<attrdef>Last 4 digits of 9 digit ZIP Code</attrdef>
				<attalias Sync="TRUE">Plus 4 of ZIP Code</attalias><attrtype Sync="TRUE">String</attrtype><attwidth Sync="TRUE">4</attwidth><atprecis Sync="TRUE">0</atprecis><attscale Sync="TRUE">0</attscale></attr>
			<attr>
				<attrlabl>FQHC_LOOK</attrlabl>
				<attrdef>Facility is designated a Federally Qualified Health Center [FQHC] Look-Alike by the U.S. Department of Health and Human Services, Centers for Medicare and Medicaid Services [CMS].  (boolean)</attrdef>
				<attrdefs>OSHPD</attrdefs>
				<attrdomv>
					<edom>
						<edomv>0</edomv>
						<edomvd>No</edomvd>
					</edom>
					<edom>
						<edomv>1</edomv>
						<edomvd>Yes</edomvd>
					</edom>
				</attrdomv>
				<attalias Sync="TRUE">FQHC Look-Alike</attalias><attrtype Sync="TRUE">SmallInteger</attrtype><attwidth Sync="TRUE">2</attwidth><atprecis Sync="TRUE">0</atprecis><attscale Sync="TRUE">0</attscale></attr>
			<attr>
				<attrlabl>GCD_SCORE</attrlabl>
				<attrdef>Address geocoding match score on scale of 0-100.  Higher scores are generally better, but it will depend on which data was used to perform the geocode. Geocoding is the process of converting an address string into a map coordinate such as Latitude/Longitude.</attrdef>
				<attrdefs>OSHPD</attrdefs>
				<attrdomv>
					<rdom><rdommin>0</rdommin><rdommax>100</rdommax></rdom></attrdomv>
				<attalias Sync="TRUE">Geocode Match Score</attalias><attrtype Sync="TRUE">SmallInteger</attrtype><attwidth Sync="TRUE">2</attwidth><atprecis Sync="TRUE">0</atprecis><attscale Sync="TRUE">0</attscale></attr>
			<attr>
				<attrlabl>LONGITUDE</attrlabl>
				<attrdef>Longitude, geographic projection, NAD83.</attrdef>
				<attrdefs>OSHPD</attrdefs>
				<attalias Sync="TRUE">Longitude (NAD83)</attalias><attrtype Sync="TRUE">Double</attrtype><attwidth Sync="TRUE">8</attwidth><atprecis Sync="TRUE">0</atprecis><attscale Sync="TRUE">0</attscale></attr>
			<attr>
				<attrlabl>LATITUDE</attrlabl>
				<attrdef>Latitude, geographic projection, NAD83.</attrdef>
				<attrdefs>OSHPD</attrdefs>
				<attalias Sync="TRUE">Latitude (NAD83)</attalias><attrtype Sync="TRUE">Double</attrtype><attwidth Sync="TRUE">8</attwidth><atprecis Sync="TRUE">0</atprecis><attscale Sync="TRUE">0</attscale></attr>
			<attr>
				<attrlabl>CNTY_FIPS</attrlabl>
				<attrdef>County FIPS Code.</attrdef>
				<attrdefs>OSHPD</attrdefs>
				<attalias Sync="TRUE">County FIPS Code</attalias><attrtype Sync="TRUE">String</attrtype><attwidth Sync="TRUE">3</attwidth><atprecis Sync="TRUE">0</atprecis><attscale Sync="TRUE">0</attscale></attr>
			<attr>
				<attrlabl>HSA</attrlabl>
				<attrdef>Health Service Area [HSA] is a geographic area consisting of one or more contiguous counties, previously designated by the federal Department of Health and Human Services for health planning on a regional basis.</attrdef>
				<attrdefs>OSHPD</attrdefs>
				<attalias Sync="TRUE">Health Service Area</attalias><attrtype Sync="TRUE">String</attrtype><attwidth Sync="TRUE">2</attwidth><atprecis Sync="TRUE">0</atprecis><attscale Sync="TRUE">0</attscale></attr>
			<attr>
				<attrlabl>SPA</attrlabl>
				<attrdef>Service Planning Area [SPA] ia a geographic area designated by Los Angeles County, within the County, for healthcare planning purposes.</attrdef>
				<attrdefs>OSHPD</attrdefs>
				<attalias Sync="TRUE">Service Planning Area</attalias><attrtype Sync="TRUE">String</attrtype><attwidth Sync="TRUE">2</attwidth><atprecis Sync="TRUE">0</atprecis><attscale Sync="TRUE">0</attscale><attrdomv><rdom><rdommin>1</rdommin><rdommax>8</rdommax></rdom></attrdomv></attr>
			<attr>
				<attrlabl>OES</attrlabl>
				<attrdef>California Office of Emergency Services [OES] administrative region.</attrdef>
				<attrdefs>OSHPD</attrdefs>
				<attrdomv>
					<edom>
						<edomv>COA</edomv>
						<edomvd>Coastal Region</edomvd>
						<edomvds>OES</edomvds>
					</edom>
					<edom>
						<edomv>INL</edomv>
						<edomvd>Inland Region</edomvd>
						<edomvds>OES</edomvds>
					</edom>
					<edom>
						<edomv>SOU</edomv>
						<edomvd>Southern Region</edomvd>
						<edomvds>OES</edomvds>
					</edom>
				</attrdomv>
				<attalias Sync="TRUE">OES Region</attalias><attrtype Sync="TRUE">String</attrtype><attwidth Sync="TRUE">3</attwidth><atprecis Sync="TRUE">0</atprecis><attscale Sync="TRUE">0</attscale></attr>
			<attr>
				<attrlabl>FDD</attrlabl>
				<attrdef>OSHPD Facilities Development Division [FDD] administrative region.</attrdef>
				<attrdefs>OSHPD</attrdefs>
				<attrdomv>
					<edom>
						<edomv>CEN</edomv>
						<edomvd>Central Region</edomvd>
						<edomvds>OSHPD</edomvds>
					</edom>
					<edom>
						<edomv>COA</edomv>
						<edomvd>Coastal Region</edomvd>
						<edomvds>OSHPD</edomvds>
					</edom>
					<edom>
						<edomv>NLA</edomv>
						<edomvd>North Los Angeles Region</edomvd>
						<edomvds>OSHPD</edomvds>
					</edom>
					<edom>
						<edomv>NOR</edomv>
						<edomvd>Northern Region</edomvd>
						<edomvds>OSHPD</edomvds>
					</edom>
					<edom>
						<edomv>SLA</edomv>
						<edomvd>South Los Angeles Region</edomvd>
						<edomvds>OSHPD</edomvds>
					</edom>
					<edom>
						<edomv>SOU</edomv>
						<edomvd>Southern Region</edomvd>
						<edomvds>OSHPD</edomvds>
					</edom>
				</attrdomv>
				<attalias Sync="TRUE">FDD Region</attalias><attrtype Sync="TRUE">String</attrtype><attwidth Sync="TRUE">3</attwidth><atprecis Sync="TRUE">0</atprecis><attscale Sync="TRUE">0</attscale></attr>
			<attr>
				<attrlabl>MSSA_ID</attrlabl>
				<attrdef>Identifies a Medical Service Study Area [MSSA].</attrdef>
				<attrdefs>OSHPD</attrdefs>
				<attalias Sync="TRUE">MSSA ID</attalias><attrtype Sync="TRUE">String</attrtype><attwidth Sync="TRUE">10</attwidth><atprecis Sync="TRUE">0</atprecis><attscale Sync="TRUE">0</attscale></attr>
			<attr>
				<attrlabl>SHAPE</attrlabl>
				<attrdef>Feature geometry.</attrdef>
				<attrdefs>ESRI</attrdefs>
				<attrdomv>
					<udom>Coordinates defining the features.</udom>
				</attrdomv>
				<attalias Sync="TRUE">Shape</attalias><attrtype Sync="TRUE">Geometry</attrtype><attwidth Sync="TRUE">0</attwidth><atprecis Sync="TRUE">0</atprecis><attscale Sync="TRUE">0</attscale></attr>
			<attr>
				<attrlabl>MSSA_DFN</attrlabl>
				<attrdef>Medical Service Study Areas are defined as either Urban, Rural, or Frontier based on established population criteria.</attrdef>
				<attrdefs>OSHPD</attrdefs>
				<attrdomv>
					<edom>
						<edomv>Frontier</edomv>
						<edomvd>Frontier</edomvd>
					</edom>
					<edom>
						<edomv>Rural</edomv>
						<edomvd>Rural</edomvd>
					</edom>
					<edom>
						<edomv>Urban</edomv>
						<edomvd>Urban</edomvd>
					</edom>
				</attrdomv>
				<attalias Sync="TRUE">MSSA Designation</attalias><attrtype Sync="TRUE">String</attrtype><attwidth Sync="TRUE">10</attwidth><atprecis Sync="TRUE">0</atprecis><attscale Sync="TRUE">0</attscale></attr>
			<attr>
				<attrlabl>COUNTY</attrlabl>
				<attrdef>County name.</attrdef>
				<attalias Sync="TRUE">County Name</attalias><attrtype Sync="TRUE">String</attrtype><attwidth Sync="TRUE">20</attwidth><atprecis Sync="TRUE">0</atprecis><attscale Sync="TRUE">0</attscale></attr>
			<attr>
				<attrlabl>TRACT</attrlabl>
				<attrdef>Simple census tract code.</attrdef>
				<attrdefs>OSHPD</attrdefs>
				<attalias Sync="TRUE">Census Tract</attalias><attrtype Sync="TRUE">String</attrtype><attwidth Sync="TRUE">7</attwidth><atprecis Sync="TRUE">0</atprecis><attscale Sync="TRUE">0</attscale></attr>
			<attr>
				<attrlabl>SD</attrlabl>
				<attrdef>State Senate District number.</attrdef>
				<attrdefs>OSHPD</attrdefs>
				<attalias Sync="TRUE">Senate District</attalias><attrtype Sync="TRUE">String</attrtype><attwidth Sync="TRUE">2</attwidth><atprecis Sync="TRUE">0</atprecis><attscale Sync="TRUE">0</attscale></attr>
			<attr>
				<attrlabl>LIC_BEDS</attrlabl>
				<attrdef>Total number of licensed beds housed by the healthcare facility as reported by the Department of Health Services [CDHS].</attrdef>
				<attrdefs>OSHPD</attrdefs>
				<attalias Sync="TRUE">Total Licensed Beds</attalias><attrtype Sync="TRUE">Double</attrtype><attwidth Sync="TRUE">8</attwidth><atprecis Sync="TRUE">0</atprecis><attscale Sync="TRUE">0</attscale></attr>
			<attr>
				<attrlabl>EMS_TRAUMA</attrlabl>
				<attrdef>Trauma Center Designation level of the hospital as reported by the California Emergency Medical Services Authority [EMSA].</attrdef>
				<attrdefs>OSHPD</attrdefs>
				<attalias Sync="TRUE">EMSA Trauma Center Designation</attalias><attrtype Sync="TRUE">String</attrtype><attwidth Sync="TRUE">60</attwidth><atprecis Sync="TRUE">0</atprecis><attscale Sync="TRUE">0</attscale><attrdomv><edom><edomv>Level I Trauma Center</edomv><edomvd>Level I and II trauma centers have similar personnel, services, and resource requirements with the greatest difference being that Level Is are research and teaching facilities.</edomvd><edomvds>http://www.emsa.ca.gov/systems/Trauma/Trauma_Level_Overview.asp</edomvds></edom><edom><edomv>Level II Trauma Center</edomv><edomvd>Level I and II trauma centers have similar personnel, services, and resource requirements with the greatest difference being that Level Is are research and teaching facilities.</edomvd><edomvds>http://www.emsa.ca.gov/systems/Trauma/Trauma_Level_Overview.asp</edomvds></edom><edom><edomv>Level I Trauma and Level II Pediatric Trauma Center</edomv><edomvd>Level I and II Pediatric Trauma Centers focus specifically on pediatric trauma patients. Level Is require some additional pediatric specialties and are research and teaching facilities.</edomvd><edomvds>http://www.emsa.ca.gov/systems/Trauma/Trauma_Level_Overview.asp</edomvds></edom><edom><edomv>Level II Trauma and Level II Pediatric Trauma Center</edomv><edomvd>Level I and II Pediatric Trauma Centers focus specifically on pediatric trauma patients. Level Is require some additional pediatric specialties and are research and teaching facilities.</edomvd><edomvds>http://www.emsa.ca.gov/systems/Trauma/Trauma_Level_Overview.asp</edomvds></edom><edom><edomv>Level III Trauma Center</edomv><edomvd>Level III and IV trauma centers generally provide initial stabilization of trauma patients with the greatest difference being surgical capabilities at the Level III facilities.</edomvd><edomvds>http://www.emsa.ca.gov/systems/Trauma/Trauma_Level_Overview.asp</edomvds></edom><edom><edomv>Level IV Trauma Center</edomv><edomvd>Level III and IV trauma centers generally provide initial stabilization of trauma patients with the greatest difference being surgical capabilities at the Level III facilities.</edomvd><edomvds>http://www.emsa.ca.gov/systems/Trauma/Trauma_Level_Overview.asp</edomvds></edom></attrdomv></attr>
			<attr>
				<attrlabl>LIC_ED_LVL</attrlabl>
				<attalias Sync="TRUE">Licensed Emergency Department Level</attalias><attrtype Sync="TRUE">String</attrtype><attwidth Sync="TRUE">40</attwidth><atprecis Sync="TRUE">0</atprecis><attscale Sync="TRUE">0</attscale><attrdef>Licenced emergency department level.</attrdef></attr>
		</detailed>
		<overview>
		</overview>
	</eainfo>
	<distinfo>
		<resdesc>Downloadable Data</resdesc>
		<stdorder>
			<digform>
				<digtinfo>
					<transize>0.269</transize>
				</digtinfo>
			</digform>
		</stdorder>
	</distinfo>
	<metainfo>
		<metd Sync="TRUE">20101130</metd>
		<metc>
			<cntinfo>
				<cntperp>
					<cntper>Michael O'Neill</cntper>
					<cntorg>California Office of Statewide Planning and Development</cntorg>
				</cntperp>
				<cntpos>Senior GIS Architect</cntpos>
				<cntaddr>
					<addrtype>mailing and physical address</addrtype>
					<address>400 R Street</address>
					<city>Sacramento</city>
					<state>CA</state>
					<postal>95811</postal>
					<country>US</country>
				</cntaddr>
				<cntvoice>(916) 326-3982</cntvoice>
				<cntemail>moneill@oshpd.ca.gov</cntemail>
			</cntinfo>
		</metc>
		<metstdn Sync="TRUE">FGDC Content Standards for Digital Geospatial Metadata</metstdn>
		<metstdv Sync="TRUE">FGDC-STD-001-1998</metstdv>
		<mettc Sync="TRUE">local time</mettc>
		<metextns>
			<onlink>http://www.esri.com/metadata/esriprof80.html</onlink>
			<metprof>ESRI Metadata Profile</metprof>
		</metextns>
		<metextns>
			<onlink>http://www.esri.com/metadata/esriprof80.html</onlink>
			<metprof>ESRI Metadata Profile</metprof>
		</metextns>
		<metextns>
			<onlink>http://www.esri.com/metadata/esriprof80.html</onlink>
			<metprof>ESRI Metadata Profile</metprof>
		</metextns>
		<metextns>
			<onlink>http://www.esri.com/metadata/esriprof80.html</onlink>
			<metprof>ESRI Metadata Profile</metprof>
		</metextns>
		<metextns>
			<onlink>http://www.esri.com/metadata/esriprof80.html</onlink>
			<metprof>ESRI Metadata Profile</metprof>
		</metextns>
		<metextns>
			<onlink>http://www.esri.com/metadata/esriprof80.html</onlink>
			<metprof>ESRI Metadata Profile</metprof>
		</metextns>
		<langmeta Sync="TRUE">en</langmeta></metainfo>
	<Esri><CreaDate>20110126</CreaDate><CreaTime>13050100</CreaTime><SyncOnce>FALSE</SyncOnce><SyncDate>20110115</SyncDate><SyncTime>19151600</SyncTime><ModDate>20110115</ModDate><ModTime>19151600</ModTime><DataProperties><lineage><Process ToolSource="C:\Program Files\ArcGIS\ArcToolbox\Toolboxes\Data Management Tools.tbx\DeleteFeatures" Date="20090818" Time="171551">DeleteFeatures Vector.DBO.Healthcare_Facility Vector.DBO.Healthcare_Facility</Process><Process ToolSource="C:\Program Files\ArcGIS\ArcToolbox\Toolboxes\Data Management Tools.tbx\Append" Date="20090818" Time="171649">Append 'LHF reprojection NAD83 LL to Teale' Vector.DBO.Healthcare_Facility TEST # # Vector.DBO.Healthcare_Facility</Process><Process ToolSource="C:\Program Files\ArcGIS\ArcToolbox\Toolboxes\Data Management Tools.tbx\Append" Date="20090818" Time="180228">Append Ten_facility_Layer Vector.DBO.Healthcare_Facility TEST # # Vector.DBO.Healthcare_Facility</Process><Process ToolSource="C:\Program Files\ArcGIS\ArcToolbox\Toolboxes\Data Management Tools.tbx\DeleteFeatures" Date="20090818" Time="180410">DeleteFeatures Vector.DBO.Healthcare_Facility Vector.DBO.Healthcare_Facility</Process><Process ToolSource="C:\Program Files\ArcGIS\ArcToolbox\Toolboxes\Data Management Tools.tbx\Append" Date="20090818" Time="180752">Append Ten_facility_Layer Vector.DBO.Healthcare_Facility TEST # # Vector.DBO.Healthcare_Facility</Process><Process ToolSource="O:\Program Files\ArcGIS\ArcToolbox\Toolboxes\Conversion Tools.tbx\MetadataImporter" Date="20100101" Time="105724">MetadataImporter "Database Connections\Default_to_EGIS_database.sde\Vector.DBO.HealthcareFacility\Vector.DBO.Healthcare_Facility" \\Egis-data1\EGIS_Users\1.Data_Resources\ScratchWorkspace.gdb\Healthcare_Facility_20100101 \\Egis-data1\EGIS_Users\1.Data_Resources\ScratchWorkspace.gdb\Healthcare_Facility_20100101</Process><Process ToolSource="O:\Program Files\ArcGIS\ArcToolbox\Toolboxes\Conversion Tools.tbx\MetadataImporter" Date="20100101" Time="121133">MetadataImporter \\Egis-data1\EGIS_Users\1.Data_Resources\ScratchWorkspace.gdb\Healthcare_Facility_20100101 \\Egis-data1\EGIS_Users\1.Data_Resources\ScratchWorkspace.gdb\copy_of_facility \\Egis-data1\EGIS_Users\1.Data_Resources\ScratchWorkspace.gdb\copy_of_facility</Process><Process ToolSource="C:\Program Files\ArcGIS\ArcToolbox\Toolboxes\Conversion Tools.tbx\FeatureClassToFeatureClass" Date="20100211" Time="175647">FeatureClassToFeatureClass "\\egis-data1\EGIS_Users\2.User_Projects\DMO\Facility_Updates_from_DW\1.Data\Final versions.gdb\Healthcare_Facility_20100101_CA_only" "Database Connections\DBO to EGIS-DATA1.sde\Vector.DBO.HealthcareFacility" Healthcare_Facility # "OSHPD_ID 'OSHPD ID' true false false 10 Text 0 0 ,First,#,\\egis-data1\EGIS_Users\2.User_Projects\DMO\Facility_Updates_from_DW\1.Data\Final versions.gdb\Healthcare_Facility_20100101_CA_only,OSHPD_ID,-1,-1;LICENSE_NO 'DHS License Number' true true false 9 Text 0 0 ,First,#,\\egis-data1\EGIS_Users\2.User_Projects\DMO\Facility_Updates_from_DW\1.Data\Final versions.gdb\Healthcare_Facility_20100101_CA_only,LICENSE_NO,-1,-1;LICENSEID 'ALIRTS License ID' true true false 8 Text 0 0 ,First,#,\\egis-data1\EGIS_Users\2.User_Projects\DMO\Facility_Updates_from_DW\1.Data\Final versions.gdb\Healthcare_Facility_20100101_CA_only,LICENSEID,-1,-1;ADDRESSID 'ALIRTS Address ID' true true false 8 Text 0 0 ,First,#,\\egis-data1\EGIS_Users\2.User_Projects\DMO\Facility_Updates_from_DW\1.Data\Final versions.gdb\Healthcare_Facility_20100101_CA_only,ADDRESSID,-1,-1;FACILITYID 'ALIRTS Facility ID' true true false 8 Text 0 0 ,First,#,\\egis-data1\EGIS_Users\2.User_Projects\DMO\Facility_Updates_from_DW\1.Data\Final versions.gdb\Healthcare_Facility_20100101_CA_only,FACILITYID,-1,-1;ENTITYID 'ALIRTS Entity ID' true true false 8 Text 0 0 ,First,#,\\egis-data1\EGIS_Users\2.User_Projects\DMO\Facility_Updates_from_DW\1.Data\Final versions.gdb\Healthcare_Facility_20100101_CA_only,ENTITYID,-1,-1;PERM_ID 'Facility Number (Perm ID)' true true false 6 Text 0 0 ,First,#,\\egis-data1\EGIS_Users\2.User_Projects\DMO\Facility_Updates_from_DW\1.Data\Final versions.gdb\Healthcare_Facility_20100101_CA_only,PERM_ID,-1,-1;FACILITY 'Facility Name' true true false 80 Text 0 0 ,First,#,\\egis-data1\EGIS_Users\2.User_Projects\DMO\Facility_Updates_from_DW\1.Data\Final versions.gdb\Healthcare_Facility_20100101_CA_only,FACILITY,-1,-1;ALIAS 'Facility Alias' true true false 50 Text 0 0 ,First,#,\\egis-data1\EGIS_Users\2.User_Projects\DMO\Facility_Updates_from_DW\1.Data\Final versions.gdb\Healthcare_Facility_20100101_CA_only,ALIAS,-1,-1;ADDRESS_1 'Street Address' true true false 60 Text 0 0 ,First,#,\\egis-data1\EGIS_Users\2.User_Projects\DMO\Facility_Updates_from_DW\1.Data\Final versions.gdb\Healthcare_Facility_20100101_CA_only,ADDRESS_1,-1,-1;ADDRESS_2 'Other Address' true true false 40 Text 0 0 ,First,#,\\egis-data1\EGIS_Users\2.User_Projects\DMO\Facility_Updates_from_DW\1.Data\Final versions.gdb\Healthcare_Facility_20100101_CA_only,ADDRESS_2,-1,-1;CITY 'City' true true false 30 Text 0 0 ,First,#,\\egis-data1\EGIS_Users\2.User_Projects\DMO\Facility_Updates_from_DW\1.Data\Final versions.gdb\Healthcare_Facility_20100101_CA_only,CITY,-1,-1;STATE 'State' true true false 2 Text 0 0 ,First,#,\\egis-data1\EGIS_Users\2.User_Projects\DMO\Facility_Updates_from_DW\1.Data\Final versions.gdb\Healthcare_Facility_20100101_CA_only,STATE,-1,-1;ZIP_CODE 'ZIP Code' true true false 5 Text 0 0 ,First,#,\\egis-data1\EGIS_Users\2.User_Projects\DMO\Facility_Updates_from_DW\1.Data\Final versions.gdb\Healthcare_Facility_20100101_CA_only,ZIP_CODE,-1,-1;ZIPPLUS4 'Plus 4 of ZIP Code' true true false 4 Text 0 0 ,First,#,\\egis-data1\EGIS_Users\2.User_Projects\DMO\Facility_Updates_from_DW\1.Data\Final versions.gdb\Healthcare_Facility_20100101_CA_only,ZIPPLUS4,-1,-1;CONTACT 'Contact Person' true true false 80 Text 0 0 ,First,#,\\egis-data1\EGIS_Users\2.User_Projects\DMO\Facility_Updates_from_DW\1.Data\Final versions.gdb\Healthcare_Facility_20100101_CA_only,CONTACT,-1,-1;PHONE 'Contact Phone' true true false 20 Text 0 0 ,First,#,\\egis-data1\EGIS_Users\2.User_Projects\DMO\Facility_Updates_from_DW\1.Data\Final versions.gdb\Healthcare_Facility_20100101_CA_only,PHONE,-1,-1;FAC_TYPE 'Facility Type' true true false 2 Text 0 0 ,First,#,\\egis-data1\EGIS_Users\2.User_Projects\DMO\Facility_Updates_from_DW\1.Data\Final versions.gdb\Healthcare_Facility_20100101_CA_only,FAC_TYPE,-1,-1;FAC_STATUS 'Facility Status' true true false 20 Text 0 0 ,First,#,\\egis-data1\EGIS_Users\2.User_Projects\DMO\Facility_Updates_from_DW\1.Data\Final versions.gdb\Healthcare_Facility_20100101_CA_only,FAC_STATUS,-1,-1;STATUS_ID 'Facility Status ID' true true false 2 Text 0 0 ,First,#,\\egis-data1\EGIS_Users\2.User_Projects\DMO\Facility_Updates_from_DW\1.Data\Final versions.gdb\Healthcare_Facility_20100101_CA_only,STATUS_ID,-1,-1;STATUS_DAT 'Facility Status Date' true true false 8 Date 0 0 ,First,#,\\egis-data1\EGIS_Users\2.User_Projects\DMO\Facility_Updates_from_DW\1.Data\Final versions.gdb\Healthcare_Facility_20100101_CA_only,STATUS_DAT,-1,-1;ADDR_DATE 'Address Update Date' true true false 8 Date 0 0 ,First,#,\\egis-data1\EGIS_Users\2.User_Projects\DMO\Facility_Updates_from_DW\1.Data\Final versions.gdb\Healthcare_Facility_20100101_CA_only,ADDR_DATE,-1,-1;TYPE 'License Type' true true false 50 Text 0 0 ,First,#,\\egis-data1\EGIS_Users\2.User_Projects\DMO\Facility_Updates_from_DW\1.Data\Final versions.gdb\Healthcare_Facility_20100101_CA_only,TYPE,-1,-1;TYPE_ID 'License Type ID' true true false 2 Text 0 0 ,First,#,\\egis-data1\EGIS_Users\2.User_Projects\DMO\Facility_Updates_from_DW\1.Data\Final versions.gdb\Healthcare_Facility_20100101_CA_only,TYPE_ID,-1,-1;CATEGORY 'License Category' true true false 40 Text 0 0 ,First,#,\\egis-data1\EGIS_Users\2.User_Projects\DMO\Facility_Updates_from_DW\1.Data\Final versions.gdb\Healthcare_Facility_20100101_CA_only,CATEGORY,-1,-1;CATEGRY_ID 'License Category ID' true true false 2 Text 0 0 ,First,#,\\egis-data1\EGIS_Users\2.User_Projects\DMO\Facility_Updates_from_DW\1.Data\Final versions.gdb\Healthcare_Facility_20100101_CA_only,CATEGRY_ID,-1,-1;CNTRL_CTGY 'Control Category' true true false 20 Text 0 0 ,First,#,\\egis-data1\EGIS_Users\2.User_Projects\DMO\Facility_Updates_from_DW\1.Data\Final versions.gdb\Healthcare_Facility_20100101_CA_only,CNTRL_CTGY,-1,-1;CNTRL_TYPE 'Control Type' true true false 40 Text 0 0 ,First,#,\\egis-data1\EGIS_Users\2.User_Projects\DMO\Facility_Updates_from_DW\1.Data\Final versions.gdb\Healthcare_Facility_20100101_CA_only,CNTRL_TYPE,-1,-1;LIC_BEDS 'Total Licensed Beds' true true false 8 Double 0 0 ,First,#,\\egis-data1\EGIS_Users\2.User_Projects\DMO\Facility_Updates_from_DW\1.Data\Final versions.gdb\Healthcare_Facility_20100101_CA_only,LIC_BEDS,-1,-1;LIC_ED_LVL 'Licensed Emergency Department Level' true true false 40 Text 0 0 ,First,#,\\egis-data1\EGIS_Users\2.User_Projects\DMO\Facility_Updates_from_DW\1.Data\Final versions.gdb\Healthcare_Facility_20100101_CA_only,LIC_ED_LVL,-1,-1;EMS_TRAUMA 'EMSA Trauma Center Designation' true true false 60 Text 0 0 ,First,#,\\egis-data1\EGIS_Users\2.User_Projects\DMO\Facility_Updates_from_DW\1.Data\Final versions.gdb\Healthcare_Facility_20100101_CA_only,EMS_TRAUMA,-1,-1;TEACH_HOSP 'Teaching Hospital' true true false 2 Short 0 0 ,First,#,\\egis-data1\EGIS_Users\2.User_Projects\DMO\Facility_Updates_from_DW\1.Data\Final versions.gdb\Healthcare_Facility_20100101_CA_only,TEACH_HOSP,-1,-1;RURAL_HOSP 'Rural Hospital' true true false 2 Short 0 0 ,First,#,\\egis-data1\EGIS_Users\2.User_Projects\DMO\Facility_Updates_from_DW\1.Data\Final versions.gdb\Healthcare_Facility_20100101_CA_only,RURAL_HOSP,-1,-1;GCD_MTYPE 'Geocode Match Type' true true false 10 Text 0 0 ,First,#,\\egis-data1\EGIS_Users\2.User_Projects\DMO\Facility_Updates_from_DW\1.Data\Final versions.gdb\Healthcare_Facility_20100101_CA_only,GCD_MTYPE,-1,-1;GCD_SCORE 'Geocode Match Score' true true false 2 Short 0 0 ,First,#,\\egis-data1\EGIS_Users\2.User_Projects\DMO\Facility_Updates_from_DW\1.Data\Final versions.gdb\Healthcare_Facility_20100101_CA_only,GCD_SCORE,-1,-1;LONGITUDE 'Longitude (NAD83)' true true false 8 Double 0 0 ,First,#,\\egis-data1\EGIS_Users\2.User_Projects\DMO\Facility_Updates_from_DW\1.Data\Final versions.gdb\Healthcare_Facility_20100101_CA_only,LONGITUDE,-1,-1;LATITUDE 'Latitude (NAD83)' true true false 8 Double 0 0 ,First,#,\\egis-data1\EGIS_Users\2.User_Projects\DMO\Facility_Updates_from_DW\1.Data\Final versions.gdb\Healthcare_Facility_20100101_CA_only,LATITUDE,-1,-1;COUNTY 'County Name' true true false 20 Text 0 0 ,First,#,\\egis-data1\EGIS_Users\2.User_Projects\DMO\Facility_Updates_from_DW\1.Data\Final versions.gdb\Healthcare_Facility_20100101_CA_only,COUNTY,-1,-1;CNTY_FIPS 'County FIPS Code' true true false 3 Text 0 0 ,First,#,\\egis-data1\EGIS_Users\2.User_Projects\DMO\Facility_Updates_from_DW\1.Data\Final versions.gdb\Healthcare_Facility_20100101_CA_only,CNTY_FIPS,-1,-1;MSSA_ID 'MSSA ID' true true false 10 Text 0 0 ,First,#,\\egis-data1\EGIS_Users\2.User_Projects\DMO\Facility_Updates_from_DW\1.Data\Final versions.gdb\Healthcare_Facility_20100101_CA_only,MSSA_ID,-1,-1;MSSA_DFN 'MSSA Designation' true true false 10 Text 0 0 ,First,#,\\egis-data1\EGIS_Users\2.User_Projects\DMO\Facility_Updates_from_DW\1.Data\Final versions.gdb\Healthcare_Facility_20100101_CA_only,MSSA_DFN,-1,-1;TRACT_FIPS 'Census Tract FIPS' true true false 12 Text 0 0 ,First,#,\\egis-data1\EGIS_Users\2.User_Projects\DMO\Facility_Updates_from_DW\1.Data\Final versions.gdb\Healthcare_Facility_20100101_CA_only,TRACT_FIPS,-1,-1;TRACT 'Census Tract' true true false 7 Text 0 0 ,First,#,\\egis-data1\EGIS_Users\2.User_Projects\DMO\Facility_Updates_from_DW\1.Data\Final versions.gdb\Healthcare_Facility_20100101_CA_only,TRACT,-1,-1;BLOCK_FIPS 'Census Block FIPS' true true false 15 Text 0 0 ,First,#,\\egis-data1\EGIS_Users\2.User_Projects\DMO\Facility_Updates_from_DW\1.Data\Final versions.gdb\Healthcare_Facility_20100101_CA_only,BLOCK_FIPS,-1,-1;SD 'Senate District' true true false 2 Text 0 0 ,First,#,\\egis-data1\EGIS_Users\2.User_Projects\DMO\Facility_Updates_from_DW\1.Data\Final versions.gdb\Healthcare_Facility_20100101_CA_only,SD,-1,-1;AD 'Assembly District' true true false 2 Text 0 0 ,First,#,\\egis-data1\EGIS_Users\2.User_Projects\DMO\Facility_Updates_from_DW\1.Data\Final versions.gdb\Healthcare_Facility_20100101_CA_only,AD,-1,-1;CD 'Congressional District' true true false 2 Text 0 0 ,First,#,\\egis-data1\EGIS_Users\2.User_Projects\DMO\Facility_Updates_from_DW\1.Data\Final versions.gdb\Healthcare_Facility_20100101_CA_only,CD,-1,-1;OES 'OES Region' true true false 3 Text 0 0 ,First,#,\\egis-data1\EGIS_Users\2.User_Projects\DMO\Facility_Updates_from_DW\1.Data\Final versions.gdb\Healthcare_Facility_20100101_CA_only,OES,-1,-1;FDD 'FDD Region' true true false 3 Text 0 0 ,First,#,\\egis-data1\EGIS_Users\2.User_Projects\DMO\Facility_Updates_from_DW\1.Data\Final versions.gdb\Healthcare_Facility_20100101_CA_only,FDD,-1,-1;HSA 'Health Service Area' true true false 2 Text 0 0 ,First,#,\\egis-data1\EGIS_Users\2.User_Projects\DMO\Facility_Updates_from_DW\1.Data\Final versions.gdb\Healthcare_Facility_20100101_CA_only,HSA,-1,-1;SPA 'Service Planning Area' true true false 2 Text 0 0 ,First,#,\\egis-data1\EGIS_Users\2.User_Projects\DMO\Facility_Updates_from_DW\1.Data\Final versions.gdb\Healthcare_Facility_20100101_CA_only,SPA,-1,-1;RUCA 'Rural-Urban Commuting Area' true true false 2 Short 0 0 ,First,#,\\egis-data1\EGIS_Users\2.User_Projects\DMO\Facility_Updates_from_DW\1.Data\Final versions.gdb\Healthcare_Facility_20100101_CA_only,RUCA,-1,-1;MA 'Metropolitan Area' true true false 2 Short 0 0 ,First,#,\\egis-data1\EGIS_Users\2.User_Projects\DMO\Facility_Updates_from_DW\1.Data\Final versions.gdb\Healthcare_Facility_20100101_CA_only,MA,-1,-1;UA 'Urbanized Area' true true false 2 Short 0 0 ,First,#,\\egis-data1\EGIS_Users\2.User_Projects\DMO\Facility_Updates_from_DW\1.Data\Final versions.gdb\Healthcare_Facility_20100101_CA_only,UA,-1,-1;CAH 'Critical Access Hospital' true true false 2 Short 0 0 ,First,#,\\egis-data1\EGIS_Users\2.User_Projects\DMO\Facility_Updates_from_DW\1.Data\Final versions.gdb\Healthcare_Facility_20100101_CA_only,CAH,-1,-1;DSH 'Disproportionate Share Hospital' true true false 2 Short 0 0 ,First,#,\\egis-data1\EGIS_Users\2.User_Projects\DMO\Facility_Updates_from_DW\1.Data\Final versions.gdb\Healthcare_Facility_20100101_CA_only,DSH,-1,-1;FQHC 'Federally Qualified Health Center' true true false 2 Short 0 0 ,First,#,\\egis-data1\EGIS_Users\2.User_Projects\DMO\Facility_Updates_from_DW\1.Data\Final versions.gdb\Healthcare_Facility_20100101_CA_only,FQHC,-1,-1;FQHC_LOOK 'FQHC Look-Alike' true true false 2 Short 0 0 ,First,#,\\egis-data1\EGIS_Users\2.User_Projects\DMO\Facility_Updates_from_DW\1.Data\Final versions.gdb\Healthcare_Facility_20100101_CA_only,FQHC_LOOK,-1,-1" # "Database Connections\DBO to EGIS-DATA1.sde\Vector.DBO.HealthcareFacility\VECTOR.DBO.Healthcare_Facility"</Process><Process ToolSource="C:\Program Files\ArcGIS\ArcToolbox\Toolboxes\Conversion Tools.tbx\FeatureClassToFeatureClass" Date="20100510" Time="144039">FeatureClassToFeatureClass D:\Temp\scratch.gdb\temp_lhf_etl_NAD83LL_to_Teale "\\egis-data1\EGIS_Users\2.User_Projects\DMO\Facility_Updates_from_DW\1.Data\Final versions.gdb" Healthcare_Facility_20100506 # "OSHPD_ID 'OSHPD ID' true false false 10 Text 0 0 ,First,#,D:\Temp\scratch.gdb\temp_lhf_etl_NAD83LL_to_Teale,OSHPD_ID,-1,-1;LICENSE_NO 'DHS License Number' true true false 9 Text 0 0 ,First,#,D:\Temp\scratch.gdb\temp_lhf_etl_NAD83LL_to_Teale,LICENSE_NO,-1,-1;LICENSEID 'ALIRTS License ID' true true false 8 Text 0 0 ,First,#,D:\Temp\scratch.gdb\temp_lhf_etl_NAD83LL_to_Teale,LICENSEID,-1,-1;ADDRESSID 'ALIRTS Address ID' true true false 8 Text 0 0 ,First,#,D:\Temp\scratch.gdb\temp_lhf_etl_NAD83LL_to_Teale,ADDRESSID,-1,-1;FACILITYID 'ALIRTS Facility ID' true true false 8 Text 0 0 ,First,#,D:\Temp\scratch.gdb\temp_lhf_etl_NAD83LL_to_Teale,FACILITYID,-1,-1;ENTITYID 'ALIRTS Entity ID' true true false 8 Text 0 0 ,First,#,D:\Temp\scratch.gdb\temp_lhf_etl_NAD83LL_to_Teale,ENTITYID,-1,-1;PERM_ID 'Facility Number (Perm ID)' true true false 6 Text 0 0 ,First,#,D:\Temp\scratch.gdb\temp_lhf_etl_NAD83LL_to_Teale,PERM_ID,-1,-1;FACILITY 'Facility Name' true true false 80 Text 0 0 ,First,#,D:\Temp\scratch.gdb\temp_lhf_etl_NAD83LL_to_Teale,FACILITY,-1,-1;ALIAS 'Facility Alias' true true false 50 Text 0 0 ,First,#,D:\Temp\scratch.gdb\temp_lhf_etl_NAD83LL_to_Teale,ALIAS,-1,-1;ADDRESS_1 'Street Address' true true false 60 Text 0 0 ,First,#,D:\Temp\scratch.gdb\temp_lhf_etl_NAD83LL_to_Teale,ADDRESS_1,-1,-1;ADDRESS_2 'Other Address' true true false 40 Text 0 0 ,First,#,D:\Temp\scratch.gdb\temp_lhf_etl_NAD83LL_to_Teale,ADDRESS_2,-1,-1;CITY 'City' true true false 30 Text 0 0 ,First,#,D:\Temp\scratch.gdb\temp_lhf_etl_NAD83LL_to_Teale,CITY,-1,-1;STATE 'State' true true false 2 Text 0 0 ,First,#,D:\Temp\scratch.gdb\temp_lhf_etl_NAD83LL_to_Teale,STATE,-1,-1;ZIP_CODE 'ZIP Code' true true false 5 Text 0 0 ,First,#,D:\Temp\scratch.gdb\temp_lhf_etl_NAD83LL_to_Teale,ZIP_CODE,-1,-1;ZIPPLUS4 'Plus 4 of ZIP Code' true true false 4 Text 0 0 ,First,#,D:\Temp\scratch.gdb\temp_lhf_etl_NAD83LL_to_Teale,ZIPPLUS4,-1,-1;CONTACT 'Contact Person' true true false 80 Text 0 0 ,First,#,D:\Temp\scratch.gdb\temp_lhf_etl_NAD83LL_to_Teale,CONTACT,-1,-1;PHONE 'Contact Phone' true true false 20 Text 0 0 ,First,#,D:\Temp\scratch.gdb\temp_lhf_etl_NAD83LL_to_Teale,PHONE,-1,-1;FAC_TYPE 'Facility Type' true true false 2 Text 0 0 ,First,#,D:\Temp\scratch.gdb\temp_lhf_etl_NAD83LL_to_Teale,FAC_TYPE,-1,-1;FAC_STATUS 'Facility Status' true true false 20 Text 0 0 ,First,#,D:\Temp\scratch.gdb\temp_lhf_etl_NAD83LL_to_Teale,FAC_STATUS,-1,-1;STATUS_ID 'Facility Status ID' true true false 2 Text 0 0 ,First,#,D:\Temp\scratch.gdb\temp_lhf_etl_NAD83LL_to_Teale,STATUS_ID,-1,-1;STATUS_DAT 'Facility Status Date' true true false 8 Date 0 0 ,First,#,D:\Temp\scratch.gdb\temp_lhf_etl_NAD83LL_to_Teale,STATUS_DAT,-1,-1;ADDR_DATE 'Address Update Date' true true false 8 Date 0 0 ,First,#,D:\Temp\scratch.gdb\temp_lhf_etl_NAD83LL_to_Teale,ADDR_DATE,-1,-1;TYPE 'License Type' true true false 50 Text 0 0 ,First,#,D:\Temp\scratch.gdb\temp_lhf_etl_NAD83LL_to_Teale,TYPE,-1,-1;TYPE_ID 'Licence Type ID' true true false 2 Text 0 0 ,First,#,D:\Temp\scratch.gdb\temp_lhf_etl_NAD83LL_to_Teale,TYPE_ID,-1,-1;CATEGORY 'License Category' true true false 40 Text 0 0 ,First,#,D:\Temp\scratch.gdb\temp_lhf_etl_NAD83LL_to_Teale,CATEGORY,-1,-1;CATEGRY_ID 'License Category ID' true true false 2 Text 0 0 ,First,#,D:\Temp\scratch.gdb\temp_lhf_etl_NAD83LL_to_Teale,CATEGRY_ID,-1,-1;CNTRL_CTGY 'Control Category' true true false 20 Text 0 0 ,First,#,D:\Temp\scratch.gdb\temp_lhf_etl_NAD83LL_to_Teale,CNTRL_CTGY,-1,-1;CNTRL_TYPE 'Control Type' true true false 40 Text 0 0 ,First,#,D:\Temp\scratch.gdb\temp_lhf_etl_NAD83LL_to_Teale,CNTRL_TYPE,-1,-1;LIC_BEDS 'Total Licensed Beds' true true false 8 Double 0 0 ,First,#,D:\Temp\scratch.gdb\temp_lhf_etl_NAD83LL_to_Teale,LIC_BEDS,-1,-1;LIC_ED_LVL 'Licensed Emergency Department Level' true true false 40 Text 0 0 ,First,#,D:\Temp\scratch.gdb\temp_lhf_etl_NAD83LL_to_Teale,LIC_ED_LVL,-1,-1;EMS_TRAUMA 'EMSA Trauma Center Designation' true true false 60 Text 0 0 ,First,#,D:\Temp\scratch.gdb\temp_lhf_etl_NAD83LL_to_Teale,EMS_TRAUMA,-1,-1;TEACH_HOSP 'Teaching Hospital' true true false 2 Short 0 0 ,First,#,D:\Temp\scratch.gdb\temp_lhf_etl_NAD83LL_to_Teale,TEACH_HOSP,-1,-1;RURAL_HOSP 'Rural Hospital' true true false 2 Short 0 0 ,First,#,D:\Temp\scratch.gdb\temp_lhf_etl_NAD83LL_to_Teale,RURAL_HOSP,-1,-1;GCD_MTYPE 'Geocode Match Type' true true false 10 Text 0 0 ,First,#,D:\Temp\scratch.gdb\temp_lhf_etl_NAD83LL_to_Teale,GCD_MTYPE,-1,-1;GCD_SCORE 'Geocode Match Score' true true false 2 Short 0 0 ,First,#,D:\Temp\scratch.gdb\temp_lhf_etl_NAD83LL_to_Teale,GCD_SCORE,-1,-1;LONGITUDE 'Longitude (NAD83)' true true false 8 Double 0 0 ,First,#,D:\Temp\scratch.gdb\temp_lhf_etl_NAD83LL_to_Teale,LONGITUDE,-1,-1;LATITUDE 'Latitude (NAD83)' true true false 8 Double 0 0 ,First,#,D:\Temp\scratch.gdb\temp_lhf_etl_NAD83LL_to_Teale,LATITUDE,-1,-1;COUNTY 'County Name' true true false 20 Text 0 0 ,First,#,D:\Temp\scratch.gdb\temp_lhf_etl_NAD83LL_to_Teale,COUNTY,-1,-1;CNTY_FIPS 'County FIPS Code' true true false 3 Text 0 0 ,First,#,D:\Temp\scratch.gdb\temp_lhf_etl_NAD83LL_to_Teale,CNTY_FIPS,-1,-1;MSSA_ID 'MSSA ID' true true false 10 Text 0 0 ,First,#,D:\Temp\scratch.gdb\temp_lhf_etl_NAD83LL_to_Teale,MSSA_ID,-1,-1;MSSA_DFN 'MSSA Designation' true true false 10 Text 0 0 ,First,#,D:\Temp\scratch.gdb\temp_lhf_etl_NAD83LL_to_Teale,MSSA_DFN,-1,-1;TRACT_FIPS 'Census Tract FIPS' true true false 12 Text 0 0 ,First,#,D:\Temp\scratch.gdb\temp_lhf_etl_NAD83LL_to_Teale,TRACT_FIPS,-1,-1;TRACT 'Census Tract' true true false 7 Text 0 0 ,First,#,D:\Temp\scratch.gdb\temp_lhf_etl_NAD83LL_to_Teale,TRACT,-1,-1;BLOCK_FIPS 'Census Block FIPS' true true false 15 Text 0 0 ,First,#,D:\Temp\scratch.gdb\temp_lhf_etl_NAD83LL_to_Teale,BLOCK_FIPS,-1,-1;SD 'Senate District' true true false 2 Text 0 0 ,First,#,D:\Temp\scratch.gdb\temp_lhf_etl_NAD83LL_to_Teale,SD,-1,-1;AD 'Assembly District' true true false 2 Text 0 0 ,First,#,D:\Temp\scratch.gdb\temp_lhf_etl_NAD83LL_to_Teale,AD,-1,-1;CD 'Congressional District' true true false 2 Text 0 0 ,First,#,D:\Temp\scratch.gdb\temp_lhf_etl_NAD83LL_to_Teale,CD,-1,-1;OES 'OES Region' true true false 3 Text 0 0 ,First,#,D:\Temp\scratch.gdb\temp_lhf_etl_NAD83LL_to_Teale,OES,-1,-1;FDD 'FDD Region' true true false 3 Text 0 0 ,First,#,D:\Temp\scratch.gdb\temp_lhf_etl_NAD83LL_to_Teale,FDD,-1,-1;HSA 'Health Service Area' true true false 2 Text 0 0 ,First,#,D:\Temp\scratch.gdb\temp_lhf_etl_NAD83LL_to_Teale,HSA,-1,-1;SPA 'Service Planning Area' true true false 2 Text 0 0 ,First,#,D:\Temp\scratch.gdb\temp_lhf_etl_NAD83LL_to_Teale,SPA,-1,-1;RUCA 'Rural-Urban Commuting Area' true true false 2 Short 0 0 ,First,#,D:\Temp\scratch.gdb\temp_lhf_etl_NAD83LL_to_Teale,RUCA,-1,-1;MA 'Metropolitan Area' true true false 2 Short 0 0 ,First,#,D:\Temp\scratch.gdb\temp_lhf_etl_NAD83LL_to_Teale,MA,-1,-1;UA 'Urbanized Area' true true false 2 Short 0 0 ,First,#,D:\Temp\scratch.gdb\temp_lhf_etl_NAD83LL_to_Teale,UA,-1,-1;CAH 'Critical Access Hospital' true true false 2 Short 0 0 ,First,#,D:\Temp\scratch.gdb\temp_lhf_etl_NAD83LL_to_Teale,CAH,-1,-1;DSH 'Disproportionate Share Hospital' true true false 2 Short 0 0 ,First,#,D:\Temp\scratch.gdb\temp_lhf_etl_NAD83LL_to_Teale,DSH,-1,-1;FQHC 'Federally Qualified Health Center' true true false 2 Short 0 0 ,First,#,D:\Temp\scratch.gdb\temp_lhf_etl_NAD83LL_to_Teale,FQHC,-1,-1;FQHC_LOOK 'FQHC Look-Alike' true true false 2 Short 0 0 ,First,#,D:\Temp\scratch.gdb\temp_lhf_etl_NAD83LL_to_Teale,FQHC_LOOK,-1,-1" # "\\egis-data1\EGIS_Users\2.User_Projects\DMO\Facility_Updates_from_DW\1.Data\Final versions.gdb\Healthcare_Facility_20100506"</Process><Process ToolSource="C:\Program Files\ArcGIS\ArcToolbox\Toolboxes\Conversion Tools.tbx\MetadataImporter" Date="20101124" Time="154405">MetadataImporter "\\egis-data1\EGIS_Users\2.User_Projects\DMO\Facility_Updates_from_DW\1.Data\Final versions.gdb\Healthcare_Facility_20100506" "\\egis-data1\EGIS_Users\2.User_Projects\DMO\Facility_Updates_from_DW\1.Data\Final versions.gdb\Healthcare_Facility_20101111" "\\egis-data1\EGIS_Users\2.User_Projects\DMO\Facility_Updates_from_DW\1.Data\Final versions.gdb\Healthcare_Facility_20101111"</Process><Process ToolSource="C:\Program Files\ArcGIS\ArcToolbox\Toolboxes\Conversion Tools.tbx\FeatureClassToFeatureClass" Date="20101130" Time="113040">FeatureClassToFeatureClass "\\egis-data1\EGIS_Users\2.User_Projects\DMO\Facility_Updates_from_DW\1.Data\Final versions.gdb\Healthcare_Facility_20101111" K:\Data_Resources\Facility_Publication\Facility_Publication_20101111.gdb CA_Healthcare_Facility # "OSHPD_ID 'OSHPD ID' true false false 10 Text 0 0 ,First,#,\\egis-data1\EGIS_Users\2.User_Projects\DMO\Facility_Updates_from_DW\1.Data\Final versions.gdb\Healthcare_Facility_20101111,OSHPD_ID,-1,-1;LICENSE_NO 'DHS License Number' true true false 9 Text 0 0 ,First,#,\\egis-data1\EGIS_Users\2.User_Projects\DMO\Facility_Updates_from_DW\1.Data\Final versions.gdb\Healthcare_Facility_20101111,LICENSE_NO,-1,-1;LICENSEID 'ALIRTS License ID' true true false 8 Text 0 0 ,First,#,\\egis-data1\EGIS_Users\2.User_Projects\DMO\Facility_Updates_from_DW\1.Data\Final versions.gdb\Healthcare_Facility_20101111,LICENSEID,-1,-1;ADDRESSID 'ALIRTS Address ID' true true false 8 Text 0 0 ,First,#,\\egis-data1\EGIS_Users\2.User_Projects\DMO\Facility_Updates_from_DW\1.Data\Final versions.gdb\Healthcare_Facility_20101111,ADDRESSID,-1,-1;FACILITYID 'ALIRTS Facility ID' true true false 8 Text 0 0 ,First,#,\\egis-data1\EGIS_Users\2.User_Projects\DMO\Facility_Updates_from_DW\1.Data\Final versions.gdb\Healthcare_Facility_20101111,FACILITYID,-1,-1;ENTITYID 'ALIRTS Entity ID' true true false 8 Text 0 0 ,First,#,\\egis-data1\EGIS_Users\2.User_Projects\DMO\Facility_Updates_from_DW\1.Data\Final versions.gdb\Healthcare_Facility_20101111,ENTITYID,-1,-1;PERM_ID 'Facility Number (Perm ID)' true true false 6 Text 0 0 ,First,#,\\egis-data1\EGIS_Users\2.User_Projects\DMO\Facility_Updates_from_DW\1.Data\Final versions.gdb\Healthcare_Facility_20101111,PERM_ID,-1,-1;FACILITY 'Facility Name' true true false 80 Text 0 0 ,First,#,\\egis-data1\EGIS_Users\2.User_Projects\DMO\Facility_Updates_from_DW\1.Data\Final versions.gdb\Healthcare_Facility_20101111,FACILITY,-1,-1;ALIAS 'Facility Alias' true true false 50 Text 0 0 ,First,#,\\egis-data1\EGIS_Users\2.User_Projects\DMO\Facility_Updates_from_DW\1.Data\Final versions.gdb\Healthcare_Facility_20101111,ALIAS,-1,-1;ADDRESS_1 'Street Address' true true false 60 Text 0 0 ,First,#,\\egis-data1\EGIS_Users\2.User_Projects\DMO\Facility_Updates_from_DW\1.Data\Final versions.gdb\Healthcare_Facility_20101111,ADDRESS_1,-1,-1;ADDRESS_2 'Other Address' true true false 40 Text 0 0 ,First,#,\\egis-data1\EGIS_Users\2.User_Projects\DMO\Facility_Updates_from_DW\1.Data\Final versions.gdb\Healthcare_Facility_20101111,ADDRESS_2,-1,-1;CITY 'City' true true false 30 Text 0 0 ,First,#,\\egis-data1\EGIS_Users\2.User_Projects\DMO\Facility_Updates_from_DW\1.Data\Final versions.gdb\Healthcare_Facility_20101111,CITY,-1,-1;STATE 'State' true true false 2 Text 0 0 ,First,#,\\egis-data1\EGIS_Users\2.User_Projects\DMO\Facility_Updates_from_DW\1.Data\Final versions.gdb\Healthcare_Facility_20101111,STATE,-1,-1;ZIP_CODE 'ZIP Code' true true false 5 Text 0 0 ,First,#,\\egis-data1\EGIS_Users\2.User_Projects\DMO\Facility_Updates_from_DW\1.Data\Final versions.gdb\Healthcare_Facility_20101111,ZIP_CODE,-1,-1;ZIPPLUS4 'Plus 4 of ZIP Code' true true false 4 Text 0 0 ,First,#,\\egis-data1\EGIS_Users\2.User_Projects\DMO\Facility_Updates_from_DW\1.Data\Final versions.gdb\Healthcare_Facility_20101111,ZIPPLUS4,-1,-1;CONTACT 'Contact Person' true true false 80 Text 0 0 ,First,#,\\egis-data1\EGIS_Users\2.User_Projects\DMO\Facility_Updates_from_DW\1.Data\Final versions.gdb\Healthcare_Facility_20101111,CONTACT,-1,-1;PHONE 'Contact Phone' true true false 20 Text 0 0 ,First,#,\\egis-data1\EGIS_Users\2.User_Projects\DMO\Facility_Updates_from_DW\1.Data\Final versions.gdb\Healthcare_Facility_20101111,PHONE,-1,-1;FAC_TYPE 'Facility Type' true true false 2 Text 0 0 ,First,#,\\egis-data1\EGIS_Users\2.User_Projects\DMO\Facility_Updates_from_DW\1.Data\Final versions.gdb\Healthcare_Facility_20101111,FAC_TYPE,-1,-1;FAC_STATUS 'Facility Status' true true false 20 Text 0 0 ,First,#,\\egis-data1\EGIS_Users\2.User_Projects\DMO\Facility_Updates_from_DW\1.Data\Final versions.gdb\Healthcare_Facility_20101111,FAC_STATUS,-1,-1;STATUS_ID 'Facility Status ID' true true false 2 Text 0 0 ,First,#,\\egis-data1\EGIS_Users\2.User_Projects\DMO\Facility_Updates_from_DW\1.Data\Final versions.gdb\Healthcare_Facility_20101111,STATUS_ID,-1,-1;STATUS_DAT 'Facility Status Date' true true false 8 Date 0 0 ,First,#,\\egis-data1\EGIS_Users\2.User_Projects\DMO\Facility_Updates_from_DW\1.Data\Final versions.gdb\Healthcare_Facility_20101111,STATUS_DAT,-1,-1;ADDR_DATE 'Address Update Date' true true false 8 Date 0 0 ,First,#,\\egis-data1\EGIS_Users\2.User_Projects\DMO\Facility_Updates_from_DW\1.Data\Final versions.gdb\Healthcare_Facility_20101111,ADDR_DATE,-1,-1;TYPE 'License Type' true true false 50 Text 0 0 ,First,#,\\egis-data1\EGIS_Users\2.User_Projects\DMO\Facility_Updates_from_DW\1.Data\Final versions.gdb\Healthcare_Facility_20101111,TYPE,-1,-1;TYPE_ID 'Licence Type ID' true true false 2 Text 0 0 ,First,#,\\egis-data1\EGIS_Users\2.User_Projects\DMO\Facility_Updates_from_DW\1.Data\Final versions.gdb\Healthcare_Facility_20101111,TYPE_ID,-1,-1;CATEGORY 'License Category' true true false 40 Text 0 0 ,First,#,\\egis-data1\EGIS_Users\2.User_Projects\DMO\Facility_Updates_from_DW\1.Data\Final versions.gdb\Healthcare_Facility_20101111,CATEGORY,-1,-1;CATEGRY_ID 'License Category ID' true true false 2 Text 0 0 ,First,#,\\egis-data1\EGIS_Users\2.User_Projects\DMO\Facility_Updates_from_DW\1.Data\Final versions.gdb\Healthcare_Facility_20101111,CATEGRY_ID,-1,-1;CNTRL_CTGY 'Control Category' true true false 20 Text 0 0 ,First,#,\\egis-data1\EGIS_Users\2.User_Projects\DMO\Facility_Updates_from_DW\1.Data\Final versions.gdb\Healthcare_Facility_20101111,CNTRL_CTGY,-1,-1;CNTRL_TYPE 'Control Type' true true false 40 Text 0 0 ,First,#,\\egis-data1\EGIS_Users\2.User_Projects\DMO\Facility_Updates_from_DW\1.Data\Final versions.gdb\Healthcare_Facility_20101111,CNTRL_TYPE,-1,-1;LIC_BEDS 'Total Licensed Beds' true true false 8 Double 0 0 ,First,#,\\egis-data1\EGIS_Users\2.User_Projects\DMO\Facility_Updates_from_DW\1.Data\Final versions.gdb\Healthcare_Facility_20101111,LIC_BEDS,-1,-1;LIC_ED_LVL 'Licensed Emergency Department Level' true true false 40 Text 0 0 ,First,#,\\egis-data1\EGIS_Users\2.User_Projects\DMO\Facility_Updates_from_DW\1.Data\Final versions.gdb\Healthcare_Facility_20101111,LIC_ED_LVL,-1,-1;EMS_TRAUMA 'EMSA Trauma Center Designation' true true false 60 Text 0 0 ,First,#,\\egis-data1\EGIS_Users\2.User_Projects\DMO\Facility_Updates_from_DW\1.Data\Final versions.gdb\Healthcare_Facility_20101111,EMS_TRAUMA,-1,-1;TEACH_HOSP 'Teaching Hospital' true true false 2 Short 0 0 ,First,#,\\egis-data1\EGIS_Users\2.User_Projects\DMO\Facility_Updates_from_DW\1.Data\Final versions.gdb\Healthcare_Facility_20101111,TEACH_HOSP,-1,-1;RURAL_HOSP 'Rural Hospital' true true false 2 Short 0 0 ,First,#,\\egis-data1\EGIS_Users\2.User_Projects\DMO\Facility_Updates_from_DW\1.Data\Final versions.gdb\Healthcare_Facility_20101111,RURAL_HOSP,-1,-1;GCD_MTYPE 'Geocode Match Type' true true false 10 Text 0 0 ,First,#,\\egis-data1\EGIS_Users\2.User_Projects\DMO\Facility_Updates_from_DW\1.Data\Final versions.gdb\Healthcare_Facility_20101111,GCD_MTYPE,-1,-1;GCD_SCORE 'Geocode Match Score' true true false 2 Short 0 0 ,First,#,\\egis-data1\EGIS_Users\2.User_Projects\DMO\Facility_Updates_from_DW\1.Data\Final versions.gdb\Healthcare_Facility_20101111,GCD_SCORE,-1,-1;LONGITUDE 'Longitude (NAD83)' true true false 8 Double 0 0 ,First,#,\\egis-data1\EGIS_Users\2.User_Projects\DMO\Facility_Updates_from_DW\1.Data\Final versions.gdb\Healthcare_Facility_20101111,LONGITUDE,-1,-1;LATITUDE 'Latitude (NAD83)' true true false 8 Double 0 0 ,First,#,\\egis-data1\EGIS_Users\2.User_Projects\DMO\Facility_Updates_from_DW\1.Data\Final versions.gdb\Healthcare_Facility_20101111,LATITUDE,-1,-1;COUNTY 'County Name' true true false 20 Text 0 0 ,First,#,\\egis-data1\EGIS_Users\2.User_Projects\DMO\Facility_Updates_from_DW\1.Data\Final versions.gdb\Healthcare_Facility_20101111,COUNTY,-1,-1;CNTY_FIPS 'County FIPS Code' true true false 3 Text 0 0 ,First,#,\\egis-data1\EGIS_Users\2.User_Projects\DMO\Facility_Updates_from_DW\1.Data\Final versions.gdb\Healthcare_Facility_20101111,CNTY_FIPS,-1,-1;MSSA_ID 'MSSA ID' true true false 10 Text 0 0 ,First,#,\\egis-data1\EGIS_Users\2.User_Projects\DMO\Facility_Updates_from_DW\1.Data\Final versions.gdb\Healthcare_Facility_20101111,MSSA_ID,-1,-1;MSSA_DFN 'MSSA Designation' true true false 10 Text 0 0 ,First,#,\\egis-data1\EGIS_Users\2.User_Projects\DMO\Facility_Updates_from_DW\1.Data\Final versions.gdb\Healthcare_Facility_20101111,MSSA_DFN,-1,-1;TRACT_FIPS 'Census Tract FIPS' true true false 12 Text 0 0 ,First,#,\\egis-data1\EGIS_Users\2.User_Projects\DMO\Facility_Updates_from_DW\1.Data\Final versions.gdb\Healthcare_Facility_20101111,TRACT_FIPS,-1,-1;TRACT 'Census Tract' true true false 7 Text 0 0 ,First,#,\\egis-data1\EGIS_Users\2.User_Projects\DMO\Facility_Updates_from_DW\1.Data\Final versions.gdb\Healthcare_Facility_20101111,TRACT,-1,-1;BLOCK_FIPS 'Census Block FIPS' true true false 15 Text 0 0 ,First,#,\\egis-data1\EGIS_Users\2.User_Projects\DMO\Facility_Updates_from_DW\1.Data\Final versions.gdb\Healthcare_Facility_20101111,BLOCK_FIPS,-1,-1;SD 'Senate District' true true false 2 Text 0 0 ,First,#,\\egis-data1\EGIS_Users\2.User_Projects\DMO\Facility_Updates_from_DW\1.Data\Final versions.gdb\Healthcare_Facility_20101111,SD,-1,-1;AD 'Assembly District' true true false 2 Text 0 0 ,First,#,\\egis-data1\EGIS_Users\2.User_Projects\DMO\Facility_Updates_from_DW\1.Data\Final versions.gdb\Healthcare_Facility_20101111,AD,-1,-1;CD 'Congressional District' true true false 2 Text 0 0 ,First,#,\\egis-data1\EGIS_Users\2.User_Projects\DMO\Facility_Updates_from_DW\1.Data\Final versions.gdb\Healthcare_Facility_20101111,CD,-1,-1;OES 'OES Region' true true false 3 Text 0 0 ,First,#,\\egis-data1\EGIS_Users\2.User_Projects\DMO\Facility_Updates_from_DW\1.Data\Final versions.gdb\Healthcare_Facility_20101111,OES,-1,-1;FDD 'FDD Region' true true false 3 Text 0 0 ,First,#,\\egis-data1\EGIS_Users\2.User_Projects\DMO\Facility_Updates_from_DW\1.Data\Final versions.gdb\Healthcare_Facility_20101111,FDD,-1,-1;HSA 'Health Service Area' true true false 2 Text 0 0 ,First,#,\\egis-data1\EGIS_Users\2.User_Projects\DMO\Facility_Updates_from_DW\1.Data\Final versions.gdb\Healthcare_Facility_20101111,HSA,-1,-1;SPA 'Service Planning Area' true true false 2 Text 0 0 ,First,#,\\egis-data1\EGIS_Users\2.User_Projects\DMO\Facility_Updates_from_DW\1.Data\Final versions.gdb\Healthcare_Facility_20101111,SPA,-1,-1;RUCA 'Rural-Urban Commuting Area' true true false 2 Short 0 0 ,First,#,\\egis-data1\EGIS_Users\2.User_Projects\DMO\Facility_Updates_from_DW\1.Data\Final versions.gdb\Healthcare_Facility_20101111,RUCA,-1,-1;MA 'Metropolitan Area' true true false 2 Short 0 0 ,First,#,\\egis-data1\EGIS_Users\2.User_Projects\DMO\Facility_Updates_from_DW\1.Data\Final versions.gdb\Healthcare_Facility_20101111,MA,-1,-1;UA 'Urbanized Area' true true false 2 Short 0 0 ,First,#,\\egis-data1\EGIS_Users\2.User_Projects\DMO\Facility_Updates_from_DW\1.Data\Final versions.gdb\Healthcare_Facility_20101111,UA,-1,-1;CAH 'Critical Access Hospital' true true false 2 Short 0 0 ,First,#,\\egis-data1\EGIS_Users\2.User_Projects\DMO\Facility_Updates_from_DW\1.Data\Final versions.gdb\Healthcare_Facility_20101111,CAH,-1,-1;DSH 'Disproportionate Share Hospital' true true false 2 Short 0 0 ,First,#,\\egis-data1\EGIS_Users\2.User_Projects\DMO\Facility_Updates_from_DW\1.Data\Final versions.gdb\Healthcare_Facility_20101111,DSH,-1,-1;FQHC 'Federally Qualified Health Center' true true false 2 Short 0 0 ,First,#,\\egis-data1\EGIS_Users\2.User_Projects\DMO\Facility_Updates_from_DW\1.Data\Final versions.gdb\Healthcare_Facility_20101111,FQHC,-1,-1;FQHC_LOOK 'FQHC Look-Alike' true true false 2 Short 0 0 ,First,#,\\egis-data1\EGIS_Users\2.User_Projects\DMO\Facility_Updates_from_DW\1.Data\Final versions.gdb\Healthcare_Facility_20101111,FQHC_LOOK,-1,-1" # K:\Data_Resources\Facility_Publication\Facility_Publication_20101111.gdb\CA_Healthcare_Facility</Process></lineage><itemProps><itemName Sync="TRUE">CA_Healthcare_Facility</itemName><imsContentType Sync="TRUE">002</imsContentType><nativeExtBox><westBL Sync="TRUE">-355144.293900</westBL><eastBL Sync="TRUE">502882.406500</eastBL><southBL Sync="TRUE">-601595.790600</southBL><northBL Sync="TRUE">441828.235800</northBL><exTypeCode Sync="TRUE">1</exTypeCode></nativeExtBox><itemLocation><linkage Sync="TRUE">file://\\L-EVA-CSIMEONE\C$\Students\GISQuickStart\GQSLab2_v10\DHS\Facility_Publication_20101111\Facility_Publication_20101111.gdb</linkage><protocol Sync="TRUE">Local Area Network</protocol></itemLocation></itemProps><coordRef><type Sync="TRUE">Projected</type><geogcsn Sync="TRUE">GCS_North_American_1983</geogcsn><projcsn Sync="TRUE">NAD_1983_California_Teale_Albers</projcsn><peXml Sync="TRUE">&lt;ProjectedCoordinateSystem xsi:type='typens:ProjectedCoordinateSystem' xmlns:xsi='http://www.w3.org/2001/XMLSchema-instance' xmlns:xs='http://www.w3.org/2001/XMLSchema' xmlns:typens='http://www.esri.com/schemas/ArcGIS/10.0'&gt;&lt;WKT&gt;PROJCS[&amp;quot;NAD_1983_California_Teale_Albers&amp;quot;,GEOGCS[&amp;quot;GCS_North_American_1983&amp;quot;,DATUM[&amp;quot;D_North_American_1983&amp;quot;,SPHEROID[&amp;quot;GRS_1980&amp;quot;,6378137.0,298.257222101]],PRIMEM[&amp;quot;Greenwich&amp;quot;,0.0],UNIT[&amp;quot;Degree&amp;quot;,0.0174532925199433]],PROJECTION[&amp;quot;Albers&amp;quot;],PARAMETER[&amp;quot;False_Easting&amp;quot;,0.0],PARAMETER[&amp;quot;False_Northing&amp;quot;,-4000000.0],PARAMETER[&amp;quot;Central_Meridian&amp;quot;,-120.0],PARAMETER[&amp;quot;Standard_Parallel_1&amp;quot;,34.0],PARAMETER[&amp;quot;Standard_Parallel_2&amp;quot;,40.5],PARAMETER[&amp;quot;Latitude_Of_Origin&amp;quot;,0.0],UNIT[&amp;quot;Meter&amp;quot;,1.0],AUTHORITY[&amp;quot;EPSG&amp;quot;,3310]]&lt;/WKT&gt;&lt;XOrigin&gt;-16909700&lt;/XOrigin&gt;&lt;YOrigin&gt;-8597000&lt;/YOrigin&gt;&lt;XYScale&gt;10000&lt;/XYScale&gt;&lt;ZOrigin&gt;-100000&lt;/ZOrigin&gt;&lt;ZScale&gt;8000&lt;/ZScale&gt;&lt;MOrigin&gt;-100000&lt;/MOrigin&gt;&lt;MScale&gt;8000&lt;/MScale&gt;&lt;XYTolerance&gt;0.001&lt;/XYTolerance&gt;&lt;ZTolerance&gt;0.002&lt;/ZTolerance&gt;&lt;MTolerance&gt;0.002&lt;/MTolerance&gt;&lt;HighPrecision&gt;true&lt;/HighPrecision&gt;&lt;WKID&gt;3310&lt;/WKID&gt;&lt;/ProjectedCoordinateSystem&gt;</peXml></coordRef></DataProperties><ArcGISFormat>1.0</ArcGISFormat><ArcGISstyle>North American Profile of ISO19115 2003</ArcGISstyle></Esri><dataIdInfo><envirDesc Sync="TRUE">Microsoft Windows XP Version 5.1 (Build 2600) Service Pack 3; ESRI ArcGIS 10.0.0.2414</envirDesc><dataLang><languageCode Sync="TRUE" value="en" country="US"></languageCode></dataLang><idCitation><resTitle Sync="TRUE">CA_Healthcare_Facility</resTitle><presForm><PresFormCd Sync="TRUE" value="005"></PresFormCd></presForm></idCitation><spatRpType><SpatRepTypCd Sync="TRUE" value="001"></SpatRepTypCd></spatRpType><dataExt><geoEle><GeoBndBox esriExtentType="search"><westBL Sync="TRUE">-124.274989</westBL><eastBL Sync="TRUE">-113.950755</eastBL><northBL Sync="TRUE">41.994581</northBL><southBL Sync="TRUE">32.469530</southBL><exTypeCode Sync="TRUE">1</exTypeCode></GeoBndBox></geoEle></dataExt><geoBox esriExtentType="decdegrees"><westBL Sync="TRUE">-124.274989</westBL><eastBL Sync="TRUE">-113.950755</eastBL><northBL Sync="TRUE">41.994581</northBL><southBL Sync="TRUE">32.46953</southBL><exTypeCode Sync="TRUE">1</exTypeCode></geoBox><descKeys><thesaName uuidref="723f6998-058e-11dc-8314-0800200c9a66"></thesaName><keyword Sync="TRUE">002</keyword></descKeys></dataIdInfo><mdLang><languageCode Sync="TRUE" value="en"></languageCode></mdLang><mdStanName Sync="TRUE">ISO 19115 Geographic Information - Metadata</mdStanName><mdStanVer Sync="TRUE">DIS_ESRI1.0</mdStanVer><mdChar><CharSetCd Sync="TRUE" value="004"></CharSetCd></mdChar><mdHrLv><ScopeCd Sync="TRUE" value="005"></ScopeCd></mdHrLv><mdHrLvName Sync="TRUE">dataset</mdHrLvName><distInfo><distributor><distorTran><onLineSrc><orDesc Sync="TRUE">002</orDesc><linkage Sync="TRUE">file://\\Egis-data1\EGIS\Data_Resources\Facility_Publication\Facility_Publication_20101111.gdb</linkage><protocol Sync="TRUE">Local Area Network</protocol></onLineSrc></distorTran><distorFormat><formatName Sync="TRUE">File Geodatabase Feature Class</formatName></distorFormat></distributor><distFormat><formatName Sync="TRUE">File Geodatabase Feature Class</formatName></distFormat></distInfo><refSysInfo><RefSystem><refSysID><identCode Sync="TRUE" code="3310">NAD_1983_California_Teale_Albers</identCode><idCodeSpace Sync="TRUE">EPSG</idCodeSpace><idVersion Sync="TRUE">7.4.1</idVersion></refSysID></RefSystem></refSysInfo><spatRepInfo><VectSpatRep><topLvl><TopoLevCd Sync="TRUE" value="001"></TopoLevCd></topLvl><geometObjs Name="CA_Healthcare_Facility"><geoObjTyp><GeoObjTypCd Sync="TRUE" value="004"></GeoObjTypCd><geoObjCnt Sync="TRUE">6948</geoObjCnt></geoObjTyp><geoObjCnt Sync="TRUE">6948</geoObjCnt></geometObjs></VectSpatRep></spatRepInfo><mdDateSt Sync="TRUE">20110115</mdDateSt></metadata>
